2025-04-08 22:59:19.762 [base.py:2699] : BEGIN (implicit)
2025-04-08 22:59:19.769 [base.py:1843] : SELECT count(user_ticket_monitors.monitor_ticket_id) AS count_1 
FROM user_ticket_monitors
2025-04-08 22:59:19.770 [base.py:1843] : [cached since 840s ago] {}
2025-04-08 22:59:19.771 [base.py:2702] : ROLLBACK
2025-04-08 22:59:19.772 [New_DB_Mointor.py:232] : [实例 41d3cf1e] 检查完成: 2025-04-08 22:59:19.772461, 耗时: 0.011375秒
2025-04-08 22:59:19.772 [New_DB_Mointor.py:257] : [实例 41d3cf1e] 循环 #43 执行耗时: 0.01秒, 将休眠: 19.99秒
2025-04-08 22:59:39.761 [New_DB_Mointor.py:264] : [实例 41d3cf1e] 循环 #43 结束: 2025-04-08 22:59:39, 总耗时: 20.00秒
2025-04-08 22:59:39.762 [New_DB_Mointor.py:245] : [实例 41d3cf1e] 循环 #44 开始: 2025-04-08 22:59:39
2025-04-08 22:59:39.763 [New_DB_Mointor.py:180] : [实例 41d3cf1e] 开始检查: 2025-04-08 22:59:39.763651
2025-04-08 22:59:39.765 [base.py:2699] : BEGIN (implicit)
2025-04-08 22:59:39.766 [base.py:1843] : SELECT count(user_ticket_monitors.monitor_ticket_id) AS count_1 
FROM user_ticket_monitors
2025-04-08 22:59:39.767 [base.py:1843] : [cached since 860s ago] {}
2025-04-08 22:59:39.768 [base.py:2702] : ROLLBACK
2025-04-08 22:59:39.770 [New_DB_Mointor.py:232] : [实例 41d3cf1e] 检查完成: 2025-04-08 22:59:39.770181, 耗时: 0.00653秒
2025-04-08 22:59:39.770 [New_DB_Mointor.py:257] : [实例 41d3cf1e] 循环 #44 执行耗时: 0.01秒, 将休眠: 19.99秒
2025-04-08 22:59:59.763 [New_DB_Mointor.py:264] : [实例 41d3cf1e] 循环 #44 结束: 2025-04-08 22:59:59, 总耗时: 20.00秒
2025-04-08 22:59:59.763 [New_DB_Mointor.py:245] : [实例 41d3cf1e] 循环 #45 开始: 2025-04-08 22:59:59
2025-04-08 22:59:59.764 [New_DB_Mointor.py:180] : [实例 41d3cf1e] 开始检查: 2025-04-08 22:59:59.764413
2025-04-08 22:59:59.765 [base.py:2699] : BEGIN (implicit)
2025-04-08 22:59:59.766 [base.py:1843] : SELECT count(user_ticket_monitors.monitor_ticket_id) AS count_1 
FROM user_ticket_monitors
2025-04-08 22:59:59.768 [base.py:1843] : [cached since 880s ago] {}
2025-04-08 22:59:59.770 [base.py:2702] : ROLLBACK
2025-04-08 22:59:59.771 [New_DB_Mointor.py:232] : [实例 41d3cf1e] 检查完成: 2025-04-08 22:59:59.771567, 耗时: 0.007154秒
2025-04-08 22:59:59.772 [New_DB_Mointor.py:257] : [实例 41d3cf1e] 循环 #45 执行耗时: 0.01秒, 将休眠: 19.99秒
2025-04-08 23:00:19.764 [New_DB_Mointor.py:264] : [实例 41d3cf1e] 循环 #45 结束: 2025-04-08 23:00:19, 总耗时: 20.00秒
2025-04-08 23:00:19.765 [New_DB_Mointor.py:245] : [实例 41d3cf1e] 循环 #46 开始: 2025-04-08 23:00:19
2025-04-08 23:00:19.765 [New_DB_Mointor.py:180] : [实例 41d3cf1e] 开始检查: 2025-04-08 23:00:19.765507
2025-04-08 23:00:19.766 [base.py:2699] : BEGIN (implicit)
2025-04-08 23:00:19.767 [base.py:1843] : SELECT count(user_ticket_monitors.monitor_ticket_id) AS count_1 
FROM user_ticket_monitors
2025-04-08 23:00:19.768 [base.py:1843] : [cached since 900s ago] {}
2025-04-08 23:00:19.770 [base.py:2702] : ROLLBACK
2025-04-08 23:00:19.771 [New_DB_Mointor.py:232] : [实例 41d3cf1e] 检查完成: 2025-04-08 23:00:19.771412, 耗时: 0.005905秒
2025-04-08 23:00:19.772 [New_DB_Mointor.py:257] : [实例 41d3cf1e] 循环 #46 执行耗时: 0.01秒, 将休眠: 19.99秒
2025-04-08 23:00:39.767 [New_DB_Mointor.py:264] : [实例 41d3cf1e] 循环 #46 结束: 2025-04-08 23:00:39, 总耗时: 20.00秒
2025-04-08 23:00:39.767 [New_DB_Mointor.py:245] : [实例 41d3cf1e] 循环 #47 开始: 2025-04-08 23:00:39
2025-04-08 23:00:39.768 [New_DB_Mointor.py:180] : [实例 41d3cf1e] 开始检查: 2025-04-08 23:00:39.768002
2025-04-08 23:00:39.769 [base.py:2699] : BEGIN (implicit)
2025-04-08 23:00:39.770 [base.py:1843] : SELECT count(user_ticket_monitors.monitor_ticket_id) AS count_1 
FROM user_ticket_monitors
2025-04-08 23:00:39.772 [base.py:1843] : [cached since 920.1s ago] {}
2025-04-08 23:00:39.773 [base.py:2702] : ROLLBACK
2025-04-08 23:00:39.775 [New_DB_Mointor.py:232] : [实例 41d3cf1e] 检查完成: 2025-04-08 23:00:39.775880, 耗时: 0.007878秒
2025-04-08 23:00:39.776 [New_DB_Mointor.py:257] : [实例 41d3cf1e] 循环 #47 执行耗时: 0.01秒, 将休眠: 19.99秒
2025-04-08 23:00:59.768 [New_DB_Mointor.py:264] : [实例 41d3cf1e] 循环 #47 结束: 2025-04-08 23:00:59, 总耗时: 20.00秒
2025-04-08 23:00:59.769 [New_DB_Mointor.py:245] : [实例 41d3cf1e] 循环 #48 开始: 2025-04-08 23:00:59
2025-04-08 23:00:59.769 [New_DB_Mointor.py:180] : [实例 41d3cf1e] 开始检查: 2025-04-08 23:00:59.769408
2025-04-08 23:00:59.770 [base.py:2699] : BEGIN (implicit)
2025-04-08 23:00:59.771 [base.py:1843] : SELECT count(user_ticket_monitors.monitor_ticket_id) AS count_1 
FROM user_ticket_monitors
2025-04-08 23:00:59.772 [base.py:1843] : [cached since 940.1s ago] {}
2025-04-08 23:00:59.775 [base.py:2702] : ROLLBACK
2025-04-08 23:00:59.777 [New_DB_Mointor.py:232] : [实例 41d3cf1e] 检查完成: 2025-04-08 23:00:59.777659, 耗时: 0.008251秒
2025-04-08 23:00:59.779 [New_DB_Mointor.py:257] : [实例 41d3cf1e] 循环 #48 执行耗时: 0.01秒, 将休眠: 19.99秒
2025-04-08 23:01:19.771 [New_DB_Mointor.py:264] : [实例 41d3cf1e] 循环 #48 结束: 2025-04-08 23:01:19, 总耗时: 20.00秒
2025-04-08 23:01:19.772 [New_DB_Mointor.py:245] : [实例 41d3cf1e] 循环 #49 开始: 2025-04-08 23:01:19
2025-04-08 23:01:19.774 [New_DB_Mointor.py:180] : [实例 41d3cf1e] 开始检查: 2025-04-08 23:01:19.773372
2025-04-08 23:01:19.784 [base.py:2699] : BEGIN (implicit)
2025-04-08 23:01:19.789 [base.py:1843] : SELECT count(user_ticket_monitors.monitor_ticket_id) AS count_1 
FROM user_ticket_monitors
2025-04-08 23:01:19.791 [base.py:1843] : [cached since 960.1s ago] {}
2025-04-08 23:01:19.797 [base.py:2702] : ROLLBACK
2025-04-08 23:01:19.798 [New_DB_Mointor.py:232] : [实例 41d3cf1e] 检查完成: 2025-04-08 23:01:19.798631, 耗时: 0.025259秒
2025-04-08 23:01:19.799 [New_DB_Mointor.py:257] : [实例 41d3cf1e] 循环 #49 执行耗时: 0.03秒, 将休眠: 19.97秒
2025-04-08 23:01:39.775 [New_DB_Mointor.py:264] : [实例 41d3cf1e] 循环 #49 结束: 2025-04-08 23:01:39, 总耗时: 20.00秒
2025-04-08 23:01:39.775 [New_DB_Mointor.py:245] : [实例 41d3cf1e] 循环 #50 开始: 2025-04-08 23:01:39
2025-04-08 23:01:39.779 [New_DB_Mointor.py:180] : [实例 41d3cf1e] 开始检查: 2025-04-08 23:01:39.779130
2025-04-08 23:01:39.802 [base.py:2699] : BEGIN (implicit)
2025-04-08 23:01:39.805 [base.py:1843] : SELECT count(user_ticket_monitors.monitor_ticket_id) AS count_1 
FROM user_ticket_monitors
2025-04-08 23:01:39.806 [base.py:1843] : [cached since 980.1s ago] {}
2025-04-08 23:01:39.811 [base.py:2702] : ROLLBACK
2025-04-08 23:01:39.812 [New_DB_Mointor.py:232] : [实例 41d3cf1e] 检查完成: 2025-04-08 23:01:39.812414, 耗时: 0.033284秒
2025-04-08 23:01:39.813 [New_DB_Mointor.py:257] : [实例 41d3cf1e] 循环 #50 执行耗时: 0.04秒, 将休眠: 19.96秒
2025-04-08 23:01:59.777 [New_DB_Mointor.py:264] : [实例 41d3cf1e] 循环 #50 结束: 2025-04-08 23:01:59, 总耗时: 20.00秒
2025-04-08 23:01:59.777 [New_DB_Mointor.py:245] : [实例 41d3cf1e] 循环 #51 开始: 2025-04-08 23:01:59
2025-04-08 23:01:59.778 [New_DB_Mointor.py:180] : [实例 41d3cf1e] 开始检查: 2025-04-08 23:01:59.778710
2025-04-08 23:01:59.779 [base.py:2699] : BEGIN (implicit)
2025-04-08 23:01:59.780 [base.py:1843] : SELECT count(user_ticket_monitors.monitor_ticket_id) AS count_1 
FROM user_ticket_monitors
2025-04-08 23:01:59.781 [base.py:1843] : [cached since 1000s ago] {}
2025-04-08 23:01:59.782 [base.py:2702] : ROLLBACK
2025-04-08 23:01:59.783 [New_DB_Mointor.py:232] : [实例 41d3cf1e] 检查完成: 2025-04-08 23:01:59.783779, 耗时: 0.005069秒
2025-04-08 23:01:59.784 [New_DB_Mointor.py:257] : [实例 41d3cf1e] 循环 #51 执行耗时: 0.01秒, 将休眠: 19.99秒
2025-04-08 23:02:19.779 [New_DB_Mointor.py:264] : [实例 41d3cf1e] 循环 #51 结束: 2025-04-08 23:02:19, 总耗时: 20.00秒
2025-04-08 23:02:19.779 [New_DB_Mointor.py:245] : [实例 41d3cf1e] 循环 #52 开始: 2025-04-08 23:02:19
2025-04-08 23:02:19.779 [New_DB_Mointor.py:180] : [实例 41d3cf1e] 开始检查: 2025-04-08 23:02:19.779924
2025-04-08 23:02:19.780 [base.py:2699] : BEGIN (implicit)
2025-04-08 23:02:19.781 [base.py:1843] : SELECT count(user_ticket_monitors.monitor_ticket_id) AS count_1 
FROM user_ticket_monitors
2025-04-08 23:02:19.782 [base.py:1843] : [cached since 1020s ago] {}
2025-04-08 23:02:19.784 [base.py:2702] : ROLLBACK
2025-04-08 23:02:19.785 [New_DB_Mointor.py:232] : [实例 41d3cf1e] 检查完成: 2025-04-08 23:02:19.785109, 耗时: 0.005185秒
2025-04-08 23:02:19.785 [New_DB_Mointor.py:257] : [实例 41d3cf1e] 循环 #52 执行耗时: 0.01秒, 将休眠: 19.99秒
2025-04-08 23:02:39.780 [New_DB_Mointor.py:264] : [实例 41d3cf1e] 循环 #52 结束: 2025-04-08 23:02:39, 总耗时: 20.00秒
2025-04-08 23:02:39.781 [New_DB_Mointor.py:245] : [实例 41d3cf1e] 循环 #53 开始: 2025-04-08 23:02:39
2025-04-08 23:02:39.781 [New_DB_Mointor.py:180] : [实例 41d3cf1e] 开始检查: 2025-04-08 23:02:39.781721
2025-04-08 23:02:39.782 [base.py:2699] : BEGIN (implicit)
2025-04-08 23:02:39.784 [base.py:1843] : SELECT count(user_ticket_monitors.monitor_ticket_id) AS count_1 
FROM user_ticket_monitors
2025-04-08 23:02:39.785 [base.py:1843] : [cached since 1040s ago] {}
2025-04-08 23:02:39.787 [base.py:2702] : ROLLBACK
2025-04-08 23:02:39.788 [New_DB_Mointor.py:232] : [实例 41d3cf1e] 检查完成: 2025-04-08 23:02:39.788519, 耗时: 0.006798秒
2025-04-08 23:02:39.789 [New_DB_Mointor.py:257] : [实例 41d3cf1e] 循环 #53 执行耗时: 0.01秒, 将休眠: 19.99秒
2025-04-08 23:02:59.781 [New_DB_Mointor.py:264] : [实例 41d3cf1e] 循环 #53 结束: 2025-04-08 23:02:59, 总耗时: 20.00秒
2025-04-08 23:02:59.782 [New_DB_Mointor.py:245] : [实例 41d3cf1e] 循环 #54 开始: 2025-04-08 23:02:59
2025-04-08 23:02:59.782 [New_DB_Mointor.py:180] : [实例 41d3cf1e] 开始检查: 2025-04-08 23:02:59.782805
2025-04-08 23:02:59.783 [base.py:2699] : BEGIN (implicit)
2025-04-08 23:02:59.784 [base.py:1843] : SELECT count(user_ticket_monitors.monitor_ticket_id) AS count_1 
FROM user_ticket_monitors
2025-04-08 23:02:59.785 [base.py:1843] : [cached since 1060s ago] {}
2025-04-08 23:02:59.786 [base.py:2702] : ROLLBACK
2025-04-08 23:02:59.787 [New_DB_Mointor.py:232] : [实例 41d3cf1e] 检查完成: 2025-04-08 23:02:59.787198, 耗时: 0.004393秒
2025-04-08 23:02:59.787 [New_DB_Mointor.py:257] : [实例 41d3cf1e] 循环 #54 执行耗时: 0.01秒, 将休眠: 19.99秒
2025-04-08 23:03:19.783 [New_DB_Mointor.py:264] : [实例 41d3cf1e] 循环 #54 结束: 2025-04-08 23:03:19, 总耗时: 20.00秒
2025-04-08 23:03:19.784 [New_DB_Mointor.py:245] : [实例 41d3cf1e] 循环 #55 开始: 2025-04-08 23:03:19
2025-04-08 23:03:19.784 [New_DB_Mointor.py:180] : [实例 41d3cf1e] 开始检查: 2025-04-08 23:03:19.784646
2025-04-08 23:03:19.785 [base.py:2699] : BEGIN (implicit)
2025-04-08 23:03:19.787 [base.py:1843] : SELECT count(user_ticket_monitors.monitor_ticket_id) AS count_1 
FROM user_ticket_monitors
2025-04-08 23:03:19.788 [base.py:1843] : [cached since 1080s ago] {}
2025-04-08 23:03:19.790 [base.py:2702] : ROLLBACK
2025-04-08 23:03:19.793 [New_DB_Mointor.py:232] : [实例 41d3cf1e] 检查完成: 2025-04-08 23:03:19.793656, 耗时: 0.00901秒
2025-04-08 23:03:19.794 [New_DB_Mointor.py:257] : [实例 41d3cf1e] 循环 #55 执行耗时: 0.01秒, 将休眠: 19.99秒
2025-04-08 23:03:39.785 [New_DB_Mointor.py:264] : [实例 41d3cf1e] 循环 #55 结束: 2025-04-08 23:03:39, 总耗时: 20.00秒
2025-04-08 23:03:39.785 [New_DB_Mointor.py:245] : [实例 41d3cf1e] 循环 #56 开始: 2025-04-08 23:03:39
2025-04-08 23:03:39.786 [New_DB_Mointor.py:180] : [实例 41d3cf1e] 开始检查: 2025-04-08 23:03:39.786251
2025-04-08 23:03:39.787 [base.py:2699] : BEGIN (implicit)
2025-04-08 23:03:39.789 [base.py:1843] : SELECT count(user_ticket_monitors.monitor_ticket_id) AS count_1 
FROM user_ticket_monitors
2025-04-08 23:03:39.791 [base.py:1843] : [cached since 1100s ago] {}
2025-04-08 23:03:39.793 [base.py:2702] : ROLLBACK
2025-04-08 23:03:39.794 [New_DB_Mointor.py:232] : [实例 41d3cf1e] 检查完成: 2025-04-08 23:03:39.794629, 耗时: 0.008378秒
2025-04-08 23:03:39.795 [New_DB_Mointor.py:257] : [实例 41d3cf1e] 循环 #56 执行耗时: 0.01秒, 将休眠: 19.99秒
2025-04-08 23:03:59.787 [New_DB_Mointor.py:264] : [实例 41d3cf1e] 循环 #56 结束: 2025-04-08 23:03:59, 总耗时: 20.00秒
2025-04-08 23:03:59.788 [New_DB_Mointor.py:245] : [实例 41d3cf1e] 循环 #57 开始: 2025-04-08 23:03:59
2025-04-08 23:03:59.788 [New_DB_Mointor.py:180] : [实例 41d3cf1e] 开始检查: 2025-04-08 23:03:59.788616
2025-04-08 23:03:59.792 [base.py:2699] : BEGIN (implicit)
2025-04-08 23:03:59.794 [base.py:1843] : SELECT count(user_ticket_monitors.monitor_ticket_id) AS count_1 
FROM user_ticket_monitors
2025-04-08 23:03:59.798 [base.py:1843] : [cached since 1120s ago] {}
2025-04-08 23:03:59.800 [base.py:2702] : ROLLBACK
2025-04-08 23:03:59.801 [New_DB_Mointor.py:232] : [实例 41d3cf1e] 检查完成: 2025-04-08 23:03:59.801215, 耗时: 0.012599秒
2025-04-08 23:03:59.801 [New_DB_Mointor.py:257] : [实例 41d3cf1e] 循环 #57 执行耗时: 0.01秒, 将休眠: 19.99秒
2025-04-08 23:04:19.789 [New_DB_Mointor.py:264] : [实例 41d3cf1e] 循环 #57 结束: 2025-04-08 23:04:19, 总耗时: 20.00秒
2025-04-08 23:04:19.791 [New_DB_Mointor.py:245] : [实例 41d3cf1e] 循环 #58 开始: 2025-04-08 23:04:19
2025-04-08 23:04:19.791 [New_DB_Mointor.py:180] : [实例 41d3cf1e] 开始检查: 2025-04-08 23:04:19.791808
2025-04-08 23:04:19.793 [base.py:2699] : BEGIN (implicit)
2025-04-08 23:04:19.794 [base.py:1843] : SELECT count(user_ticket_monitors.monitor_ticket_id) AS count_1 
FROM user_ticket_monitors
2025-04-08 23:04:19.795 [base.py:1843] : [cached since 1140s ago] {}
2025-04-08 23:04:19.796 [base.py:2702] : ROLLBACK
2025-04-08 23:04:19.797 [New_DB_Mointor.py:232] : [实例 41d3cf1e] 检查完成: 2025-04-08 23:04:19.797535, 耗时: 0.005727秒
2025-04-08 23:04:19.798 [New_DB_Mointor.py:257] : [实例 41d3cf1e] 循环 #58 执行耗时: 0.01秒, 将休眠: 19.99秒
2025-04-08 23:04:39.792 [New_DB_Mointor.py:264] : [实例 41d3cf1e] 循环 #58 结束: 2025-04-08 23:04:39, 总耗时: 20.00秒
2025-04-08 23:04:39.793 [New_DB_Mointor.py:245] : [实例 41d3cf1e] 循环 #59 开始: 2025-04-08 23:04:39
2025-04-08 23:04:39.793 [New_DB_Mointor.py:180] : [实例 41d3cf1e] 开始检查: 2025-04-08 23:04:39.793349
2025-04-08 23:04:39.794 [base.py:2699] : BEGIN (implicit)
2025-04-08 23:04:39.795 [base.py:1843] : SELECT count(user_ticket_monitors.monitor_ticket_id) AS count_1 
FROM user_ticket_monitors
2025-04-08 23:04:39.796 [base.py:1843] : [cached since 1160s ago] {}
2025-04-08 23:04:39.797 [base.py:2702] : ROLLBACK
2025-04-08 23:04:39.798 [New_DB_Mointor.py:232] : [实例 41d3cf1e] 检查完成: 2025-04-08 23:04:39.798587, 耗时: 0.005238秒
2025-04-08 23:04:39.799 [New_DB_Mointor.py:257] : [实例 41d3cf1e] 循环 #59 执行耗时: 0.01秒, 将休眠: 19.99秒
2025-04-08 23:04:59.799 [New_DB_Mointor.py:264] : [实例 41d3cf1e] 循环 #59 结束: 2025-04-08 23:04:59, 总耗时: 20.01秒
2025-04-08 23:04:59.800 [New_DB_Mointor.py:245] : [实例 41d3cf1e] 循环 #60 开始: 2025-04-08 23:04:59
2025-04-08 23:04:59.800 [New_DB_Mointor.py:180] : [实例 41d3cf1e] 开始检查: 2025-04-08 23:04:59.800759
2025-04-08 23:04:59.801 [base.py:2699] : BEGIN (implicit)
2025-04-08 23:04:59.803 [base.py:1843] : SELECT count(user_ticket_monitors.monitor_ticket_id) AS count_1 
FROM user_ticket_monitors
2025-04-08 23:04:59.804 [base.py:1843] : [cached since 1180s ago] {}
2025-04-08 23:04:59.806 [base.py:2702] : ROLLBACK
2025-04-08 23:04:59.808 [New_DB_Mointor.py:232] : [实例 41d3cf1e] 检查完成: 2025-04-08 23:04:59.807941, 耗时: 0.007182秒
2025-04-08 23:04:59.808 [New_DB_Mointor.py:257] : [实例 41d3cf1e] 循环 #60 执行耗时: 0.01秒, 将休眠: 19.99秒
2025-04-08 23:05:19.801 [New_DB_Mointor.py:264] : [实例 41d3cf1e] 循环 #60 结束: 2025-04-08 23:05:19, 总耗时: 20.00秒
2025-04-08 23:05:19.801 [New_DB_Mointor.py:245] : [实例 41d3cf1e] 循环 #61 开始: 2025-04-08 23:05:19
2025-04-08 23:05:19.802 [New_DB_Mointor.py:180] : [实例 41d3cf1e] 开始检查: 2025-04-08 23:05:19.801942
2025-04-08 23:05:19.802 [base.py:2699] : BEGIN (implicit)
2025-04-08 23:05:19.804 [base.py:1843] : SELECT count(user_ticket_monitors.monitor_ticket_id) AS count_1 
FROM user_ticket_monitors
2025-04-08 23:05:19.806 [base.py:1843] : [cached since 1200s ago] {}
2025-04-08 23:05:19.808 [base.py:2702] : ROLLBACK
2025-04-08 23:05:19.810 [New_DB_Mointor.py:232] : [实例 41d3cf1e] 检查完成: 2025-04-08 23:05:19.810199, 耗时: 0.008257秒
2025-04-08 23:05:19.810 [New_DB_Mointor.py:257] : [实例 41d3cf1e] 循环 #61 执行耗时: 0.01秒, 将休眠: 19.99秒
2025-04-08 23:05:39.803 [New_DB_Mointor.py:264] : [实例 41d3cf1e] 循环 #61 结束: 2025-04-08 23:05:39, 总耗时: 20.00秒
2025-04-08 23:05:39.803 [New_DB_Mointor.py:245] : [实例 41d3cf1e] 循环 #62 开始: 2025-04-08 23:05:39
2025-04-08 23:05:39.804 [New_DB_Mointor.py:180] : [实例 41d3cf1e] 开始检查: 2025-04-08 23:05:39.804038
2025-04-08 23:05:39.806 [base.py:2699] : BEGIN (implicit)
2025-04-08 23:05:39.809 [base.py:1843] : SELECT count(user_ticket_monitors.monitor_ticket_id) AS count_1 
FROM user_ticket_monitors
2025-04-08 23:05:39.810 [base.py:1843] : [cached since 1220s ago] {}
2025-04-08 23:05:39.812 [base.py:2702] : ROLLBACK
2025-04-08 23:05:39.814 [New_DB_Mointor.py:232] : [实例 41d3cf1e] 检查完成: 2025-04-08 23:05:39.814129, 耗时: 0.010091秒
2025-04-08 23:05:39.814 [New_DB_Mointor.py:257] : [实例 41d3cf1e] 循环 #62 执行耗时: 0.01秒, 将休眠: 19.99秒
2025-04-08 23:05:59.806 [New_DB_Mointor.py:264] : [实例 41d3cf1e] 循环 #62 结束: 2025-04-08 23:05:59, 总耗时: 20.00秒
2025-04-08 23:05:59.808 [New_DB_Mointor.py:245] : [实例 41d3cf1e] 循环 #63 开始: 2025-04-08 23:05:59
2025-04-08 23:05:59.809 [New_DB_Mointor.py:180] : [实例 41d3cf1e] 开始检查: 2025-04-08 23:05:59.809127
2025-04-08 23:05:59.810 [base.py:2699] : BEGIN (implicit)
2025-04-08 23:05:59.811 [base.py:1843] : SELECT count(user_ticket_monitors.monitor_ticket_id) AS count_1 
FROM user_ticket_monitors
2025-04-08 23:05:59.812 [base.py:1843] : [cached since 1240s ago] {}
2025-04-08 23:05:59.814 [base.py:2702] : ROLLBACK
2025-04-08 23:05:59.815 [New_DB_Mointor.py:232] : [实例 41d3cf1e] 检查完成: 2025-04-08 23:05:59.815306, 耗时: 0.006179秒
2025-04-08 23:05:59.816 [New_DB_Mointor.py:257] : [实例 41d3cf1e] 循环 #63 执行耗时: 0.01秒, 将休眠: 19.99秒
2025-04-08 23:06:19.809 [New_DB_Mointor.py:264] : [实例 41d3cf1e] 循环 #63 结束: 2025-04-08 23:06:19, 总耗时: 20.00秒
2025-04-08 23:06:19.811 [New_DB_Mointor.py:245] : [实例 41d3cf1e] 循环 #64 开始: 2025-04-08 23:06:19
2025-04-08 23:06:19.811 [New_DB_Mointor.py:180] : [实例 41d3cf1e] 开始检查: 2025-04-08 23:06:19.811417
2025-04-08 23:06:19.814 [base.py:2699] : BEGIN (implicit)
2025-04-08 23:06:19.816 [base.py:1843] : SELECT count(user_ticket_monitors.monitor_ticket_id) AS count_1 
FROM user_ticket_monitors
2025-04-08 23:06:19.819 [base.py:1843] : [cached since 1260s ago] {}
2025-04-08 23:06:19.837 [base.py:2702] : ROLLBACK
2025-04-08 23:06:19.842 [New_DB_Mointor.py:232] : [实例 41d3cf1e] 检查完成: 2025-04-08 23:06:19.841994, 耗时: 0.030577秒
2025-04-08 23:06:19.842 [New_DB_Mointor.py:257] : [实例 41d3cf1e] 循环 #64 执行耗时: 0.03秒, 将休眠: 19.97秒
2025-04-08 23:06:39.811 [New_DB_Mointor.py:264] : [实例 41d3cf1e] 循环 #64 结束: 2025-04-08 23:06:39, 总耗时: 20.00秒
2025-04-08 23:06:39.812 [New_DB_Mointor.py:245] : [实例 41d3cf1e] 循环 #65 开始: 2025-04-08 23:06:39
2025-04-08 23:06:39.812 [New_DB_Mointor.py:180] : [实例 41d3cf1e] 开始检查: 2025-04-08 23:06:39.812448
2025-04-08 23:06:39.813 [base.py:2699] : BEGIN (implicit)
2025-04-08 23:06:39.815 [base.py:1843] : SELECT count(user_ticket_monitors.monitor_ticket_id) AS count_1 
FROM user_ticket_monitors
2025-04-08 23:06:39.815 [base.py:1843] : [cached since 1280s ago] {}
2025-04-08 23:06:39.817 [base.py:2702] : ROLLBACK
2025-04-08 23:06:39.818 [New_DB_Mointor.py:232] : [实例 41d3cf1e] 检查完成: 2025-04-08 23:06:39.818085, 耗时: 0.005637秒
2025-04-08 23:06:39.818 [New_DB_Mointor.py:257] : [实例 41d3cf1e] 循环 #65 执行耗时: 0.01秒, 将休眠: 19.99秒
2025-04-08 23:06:59.812 [New_DB_Mointor.py:264] : [实例 41d3cf1e] 循环 #65 结束: 2025-04-08 23:06:59, 总耗时: 20.00秒
2025-04-08 23:06:59.813 [New_DB_Mointor.py:245] : [实例 41d3cf1e] 循环 #66 开始: 2025-04-08 23:06:59
2025-04-08 23:06:59.814 [New_DB_Mointor.py:180] : [实例 41d3cf1e] 开始检查: 2025-04-08 23:06:59.813952
2025-04-08 23:06:59.814 [base.py:2699] : BEGIN (implicit)
2025-04-08 23:06:59.815 [base.py:1843] : SELECT count(user_ticket_monitors.monitor_ticket_id) AS count_1 
FROM user_ticket_monitors
2025-04-08 23:06:59.816 [base.py:1843] : [cached since 1300s ago] {}
2025-04-08 23:06:59.817 [base.py:2702] : ROLLBACK
2025-04-08 23:06:59.819 [New_DB_Mointor.py:232] : [实例 41d3cf1e] 检查完成: 2025-04-08 23:06:59.818984, 耗时: 0.005032秒
2025-04-08 23:06:59.819 [New_DB_Mointor.py:257] : [实例 41d3cf1e] 循环 #66 执行耗时: 0.01秒, 将休眠: 19.99秒
2025-04-08 23:07:19.814 [New_DB_Mointor.py:264] : [实例 41d3cf1e] 循环 #66 结束: 2025-04-08 23:07:19, 总耗时: 20.00秒
2025-04-08 23:07:19.815 [New_DB_Mointor.py:245] : [实例 41d3cf1e] 循环 #67 开始: 2025-04-08 23:07:19
2025-04-08 23:07:19.815 [New_DB_Mointor.py:180] : [实例 41d3cf1e] 开始检查: 2025-04-08 23:07:19.815623
2025-04-08 23:07:19.816 [base.py:2699] : BEGIN (implicit)
2025-04-08 23:07:19.817 [base.py:1843] : SELECT count(user_ticket_monitors.monitor_ticket_id) AS count_1 
FROM user_ticket_monitors
2025-04-08 23:07:19.818 [base.py:1843] : [cached since 1320s ago] {}
2025-04-08 23:07:19.819 [base.py:2702] : ROLLBACK
2025-04-08 23:07:19.821 [New_DB_Mointor.py:232] : [实例 41d3cf1e] 检查完成: 2025-04-08 23:07:19.821255, 耗时: 0.005632秒
2025-04-08 23:07:19.822 [New_DB_Mointor.py:257] : [实例 41d3cf1e] 循环 #67 执行耗时: 0.01秒, 将休眠: 19.99秒
2025-04-08 23:07:39.816 [New_DB_Mointor.py:264] : [实例 41d3cf1e] 循环 #67 结束: 2025-04-08 23:07:39, 总耗时: 20.00秒
2025-04-08 23:07:39.816 [New_DB_Mointor.py:245] : [实例 41d3cf1e] 循环 #68 开始: 2025-04-08 23:07:39
2025-04-08 23:07:39.817 [New_DB_Mointor.py:180] : [实例 41d3cf1e] 开始检查: 2025-04-08 23:07:39.817026
2025-04-08 23:07:39.818 [base.py:2699] : BEGIN (implicit)
2025-04-08 23:07:39.819 [base.py:1843] : SELECT count(user_ticket_monitors.monitor_ticket_id) AS count_1 
FROM user_ticket_monitors
2025-04-08 23:07:39.819 [base.py:1843] : [cached since 1340s ago] {}
2025-04-08 23:07:39.822 [base.py:2702] : ROLLBACK
2025-04-08 23:07:39.825 [New_DB_Mointor.py:232] : [实例 41d3cf1e] 检查完成: 2025-04-08 23:07:39.825275, 耗时: 0.008249秒
2025-04-08 23:07:39.826 [New_DB_Mointor.py:257] : [实例 41d3cf1e] 循环 #68 执行耗时: 0.01秒, 将休眠: 19.99秒
2025-04-08 23:07:59.818 [New_DB_Mointor.py:264] : [实例 41d3cf1e] 循环 #68 结束: 2025-04-08 23:07:59, 总耗时: 20.00秒
2025-04-08 23:07:59.818 [New_DB_Mointor.py:245] : [实例 41d3cf1e] 循环 #69 开始: 2025-04-08 23:07:59
2025-04-08 23:07:59.819 [New_DB_Mointor.py:180] : [实例 41d3cf1e] 开始检查: 2025-04-08 23:07:59.819035
2025-04-08 23:07:59.819 [base.py:2699] : BEGIN (implicit)
2025-04-08 23:07:59.849 [base.py:1843] : SELECT count(user_ticket_monitors.monitor_ticket_id) AS count_1 
FROM user_ticket_monitors
2025-04-08 23:07:59.850 [base.py:1843] : [cached since 1360s ago] {}
2025-04-08 23:07:59.851 [base.py:2702] : ROLLBACK
2025-04-08 23:07:59.852 [New_DB_Mointor.py:232] : [实例 41d3cf1e] 检查完成: 2025-04-08 23:07:59.852486, 耗时: 0.033451秒
2025-04-08 23:07:59.852 [New_DB_Mointor.py:257] : [实例 41d3cf1e] 循环 #69 执行耗时: 0.03秒, 将休眠: 19.97秒
2025-04-08 23:08:19.823 [New_DB_Mointor.py:264] : [实例 41d3cf1e] 循环 #69 结束: 2025-04-08 23:08:19, 总耗时: 20.00秒
2025-04-08 23:08:19.824 [New_DB_Mointor.py:245] : [实例 41d3cf1e] 循环 #70 开始: 2025-04-08 23:08:19
2025-04-08 23:08:19.825 [New_DB_Mointor.py:180] : [实例 41d3cf1e] 开始检查: 2025-04-08 23:08:19.825282
2025-04-08 23:08:19.826 [base.py:2699] : BEGIN (implicit)
2025-04-08 23:08:19.827 [base.py:1843] : SELECT count(user_ticket_monitors.monitor_ticket_id) AS count_1 
FROM user_ticket_monitors
2025-04-08 23:08:19.827 [base.py:1843] : [cached since 1380s ago] {}
2025-04-08 23:08:19.829 [base.py:2702] : ROLLBACK
2025-04-08 23:08:19.830 [New_DB_Mointor.py:232] : [实例 41d3cf1e] 检查完成: 2025-04-08 23:08:19.830001, 耗时: 0.004719秒
2025-04-08 23:08:19.830 [New_DB_Mointor.py:257] : [实例 41d3cf1e] 循环 #70 执行耗时: 0.01秒, 将休眠: 19.99秒
2025-04-08 23:08:39.826 [New_DB_Mointor.py:264] : [实例 41d3cf1e] 循环 #70 结束: 2025-04-08 23:08:39, 总耗时: 20.00秒
2025-04-08 23:08:39.826 [New_DB_Mointor.py:245] : [实例 41d3cf1e] 循环 #71 开始: 2025-04-08 23:08:39
2025-04-08 23:08:39.826 [New_DB_Mointor.py:180] : [实例 41d3cf1e] 开始检查: 2025-04-08 23:08:39.826872
2025-04-08 23:08:39.827 [base.py:2699] : BEGIN (implicit)
2025-04-08 23:08:39.828 [base.py:1843] : SELECT count(user_ticket_monitors.monitor_ticket_id) AS count_1 
FROM user_ticket_monitors
2025-04-08 23:08:39.829 [base.py:1843] : [cached since 1400s ago] {}
2025-04-08 23:08:39.830 [base.py:2702] : ROLLBACK
2025-04-08 23:08:39.831 [New_DB_Mointor.py:232] : [实例 41d3cf1e] 检查完成: 2025-04-08 23:08:39.831697, 耗时: 0.004825秒
2025-04-08 23:08:39.832 [New_DB_Mointor.py:257] : [实例 41d3cf1e] 循环 #71 执行耗时: 0.01秒, 将休眠: 19.99秒
2025-04-08 23:08:59.827 [New_DB_Mointor.py:264] : [实例 41d3cf1e] 循环 #71 结束: 2025-04-08 23:08:59, 总耗时: 20.00秒
2025-04-08 23:08:59.828 [New_DB_Mointor.py:245] : [实例 41d3cf1e] 循环 #72 开始: 2025-04-08 23:08:59
2025-04-08 23:08:59.828 [New_DB_Mointor.py:180] : [实例 41d3cf1e] 开始检查: 2025-04-08 23:08:59.828646
2025-04-08 23:08:59.829 [base.py:2699] : BEGIN (implicit)
2025-04-08 23:08:59.830 [base.py:1843] : SELECT count(user_ticket_monitors.monitor_ticket_id) AS count_1 
FROM user_ticket_monitors
2025-04-08 23:08:59.831 [base.py:1843] : [cached since 1420s ago] {}
2025-04-08 23:08:59.832 [base.py:2702] : ROLLBACK
2025-04-08 23:08:59.833 [New_DB_Mointor.py:232] : [实例 41d3cf1e] 检查完成: 2025-04-08 23:08:59.833755, 耗时: 0.005109秒
2025-04-08 23:08:59.834 [New_DB_Mointor.py:257] : [实例 41d3cf1e] 循环 #72 执行耗时: 0.01秒, 将休眠: 19.99秒
2025-04-08 23:09:19.829 [New_DB_Mointor.py:264] : [实例 41d3cf1e] 循环 #72 结束: 2025-04-08 23:09:19, 总耗时: 20.00秒
2025-04-08 23:09:19.829 [New_DB_Mointor.py:245] : [实例 41d3cf1e] 循环 #73 开始: 2025-04-08 23:09:19
2025-04-08 23:09:19.830 [New_DB_Mointor.py:180] : [实例 41d3cf1e] 开始检查: 2025-04-08 23:09:19.830185
2025-04-08 23:09:19.831 [base.py:2699] : BEGIN (implicit)
2025-04-08 23:09:19.832 [base.py:1843] : SELECT count(user_ticket_monitors.monitor_ticket_id) AS count_1 
FROM user_ticket_monitors
2025-04-08 23:09:19.833 [base.py:1843] : [cached since 1440s ago] {}
2025-04-08 23:09:19.834 [base.py:2702] : ROLLBACK
2025-04-08 23:09:19.836 [New_DB_Mointor.py:232] : [实例 41d3cf1e] 检查完成: 2025-04-08 23:09:19.836276, 耗时: 0.006091秒
2025-04-08 23:09:19.837 [New_DB_Mointor.py:257] : [实例 41d3cf1e] 循环 #73 执行耗时: 0.01秒, 将休眠: 19.99秒
2025-04-08 23:09:39.831 [New_DB_Mointor.py:264] : [实例 41d3cf1e] 循环 #73 结束: 2025-04-08 23:09:39, 总耗时: 20.00秒
2025-04-08 23:09:39.831 [New_DB_Mointor.py:245] : [实例 41d3cf1e] 循环 #74 开始: 2025-04-08 23:09:39
2025-04-08 23:09:39.831 [New_DB_Mointor.py:180] : [实例 41d3cf1e] 开始检查: 2025-04-08 23:09:39.831831
2025-04-08 23:09:39.832 [base.py:2699] : BEGIN (implicit)
2025-04-08 23:09:39.833 [base.py:1843] : SELECT count(user_ticket_monitors.monitor_ticket_id) AS count_1 
FROM user_ticket_monitors
2025-04-08 23:09:39.834 [base.py:1843] : [cached since 1460s ago] {}
2025-04-08 23:09:39.836 [base.py:2702] : ROLLBACK
2025-04-08 23:09:39.838 [New_DB_Mointor.py:232] : [实例 41d3cf1e] 检查完成: 2025-04-08 23:09:39.837960, 耗时: 0.006129秒
2025-04-08 23:09:39.839 [New_DB_Mointor.py:257] : [实例 41d3cf1e] 循环 #74 执行耗时: 0.01秒, 将休眠: 19.99秒
2025-04-08 23:09:59.833 [New_DB_Mointor.py:264] : [实例 41d3cf1e] 循环 #74 结束: 2025-04-08 23:09:59, 总耗时: 20.00秒
2025-04-08 23:09:59.834 [New_DB_Mointor.py:245] : [实例 41d3cf1e] 循环 #75 开始: 2025-04-08 23:09:59
2025-04-08 23:09:59.834 [New_DB_Mointor.py:180] : [实例 41d3cf1e] 开始检查: 2025-04-08 23:09:59.834292
2025-04-08 23:09:59.835 [base.py:2699] : BEGIN (implicit)
2025-04-08 23:09:59.837 [base.py:1843] : SELECT count(user_ticket_monitors.monitor_ticket_id) AS count_1 
FROM user_ticket_monitors
2025-04-08 23:09:59.839 [base.py:1843] : [cached since 1480s ago] {}
2025-04-08 23:09:59.841 [base.py:2702] : ROLLBACK
2025-04-08 23:09:59.842 [New_DB_Mointor.py:232] : [实例 41d3cf1e] 检查完成: 2025-04-08 23:09:59.842832, 耗时: 0.00854秒
2025-04-08 23:09:59.843 [New_DB_Mointor.py:257] : [实例 41d3cf1e] 循环 #75 执行耗时: 0.01秒, 将休眠: 19.99秒
2025-04-08 23:10:19.834 [New_DB_Mointor.py:264] : [实例 41d3cf1e] 循环 #75 结束: 2025-04-08 23:10:19, 总耗时: 20.00秒
2025-04-08 23:10:19.836 [New_DB_Mointor.py:245] : [实例 41d3cf1e] 循环 #76 开始: 2025-04-08 23:10:19
2025-04-08 23:10:19.837 [New_DB_Mointor.py:180] : [实例 41d3cf1e] 开始检查: 2025-04-08 23:10:19.837320
2025-04-08 23:10:19.841 [base.py:2699] : BEGIN (implicit)
2025-04-08 23:10:19.842 [base.py:1843] : SELECT count(user_ticket_monitors.monitor_ticket_id) AS count_1 
FROM user_ticket_monitors
2025-04-08 23:10:19.843 [base.py:1843] : [cached since 1500s ago] {}
2025-04-08 23:10:19.845 [base.py:2702] : ROLLBACK
2025-04-08 23:10:19.846 [New_DB_Mointor.py:232] : [实例 41d3cf1e] 检查完成: 2025-04-08 23:10:19.846622, 耗时: 0.009302秒
2025-04-08 23:10:19.847 [New_DB_Mointor.py:257] : [实例 41d3cf1e] 循环 #76 执行耗时: 0.01秒, 将休眠: 19.99秒
2025-04-08 23:10:39.837 [New_DB_Mointor.py:264] : [实例 41d3cf1e] 循环 #76 结束: 2025-04-08 23:10:39, 总耗时: 20.00秒
2025-04-08 23:10:39.838 [New_DB_Mointor.py:245] : [实例 41d3cf1e] 循环 #77 开始: 2025-04-08 23:10:39
2025-04-08 23:10:39.838 [New_DB_Mointor.py:180] : [实例 41d3cf1e] 开始检查: 2025-04-08 23:10:39.838520
2025-04-08 23:10:39.839 [base.py:2699] : BEGIN (implicit)
2025-04-08 23:10:39.841 [base.py:1843] : SELECT count(user_ticket_monitors.monitor_ticket_id) AS count_1 
FROM user_ticket_monitors
2025-04-08 23:10:39.842 [base.py:1843] : [cached since 1520s ago] {}
2025-04-08 23:10:39.844 [base.py:2702] : ROLLBACK
2025-04-08 23:10:39.845 [New_DB_Mointor.py:232] : [实例 41d3cf1e] 检查完成: 2025-04-08 23:10:39.845123, 耗时: 0.006603秒
2025-04-08 23:10:39.845 [New_DB_Mointor.py:257] : [实例 41d3cf1e] 循环 #77 执行耗时: 0.01秒, 将休眠: 19.99秒
2025-04-08 23:10:59.838 [New_DB_Mointor.py:264] : [实例 41d3cf1e] 循环 #77 结束: 2025-04-08 23:10:59, 总耗时: 20.00秒
2025-04-08 23:10:59.839 [New_DB_Mointor.py:245] : [实例 41d3cf1e] 循环 #78 开始: 2025-04-08 23:10:59
2025-04-08 23:10:59.839 [New_DB_Mointor.py:180] : [实例 41d3cf1e] 开始检查: 2025-04-08 23:10:59.839769
2025-04-08 23:10:59.840 [base.py:2699] : BEGIN (implicit)
2025-04-08 23:10:59.841 [base.py:1843] : SELECT count(user_ticket_monitors.monitor_ticket_id) AS count_1 
FROM user_ticket_monitors
2025-04-08 23:10:59.842 [base.py:1843] : [cached since 1540s ago] {}
2025-04-08 23:10:59.844 [base.py:2702] : ROLLBACK
2025-04-08 23:10:59.845 [New_DB_Mointor.py:232] : [实例 41d3cf1e] 检查完成: 2025-04-08 23:10:59.845397, 耗时: 0.005628秒
2025-04-08 23:10:59.845 [New_DB_Mointor.py:257] : [实例 41d3cf1e] 循环 #78 执行耗时: 0.01秒, 将休眠: 19.99秒
2025-04-08 23:11:19.840 [New_DB_Mointor.py:264] : [实例 41d3cf1e] 循环 #78 结束: 2025-04-08 23:11:19, 总耗时: 20.00秒
2025-04-08 23:11:19.840 [New_DB_Mointor.py:245] : [实例 41d3cf1e] 循环 #79 开始: 2025-04-08 23:11:19
2025-04-08 23:11:19.841 [New_DB_Mointor.py:180] : [实例 41d3cf1e] 开始检查: 2025-04-08 23:11:19.841109
2025-04-08 23:11:19.842 [base.py:2699] : BEGIN (implicit)
2025-04-08 23:11:19.843 [base.py:1843] : SELECT count(user_ticket_monitors.monitor_ticket_id) AS count_1 
FROM user_ticket_monitors
2025-04-08 23:11:19.843 [base.py:1843] : [cached since 1560s ago] {}
2025-04-08 23:11:19.844 [base.py:2702] : ROLLBACK
2025-04-08 23:11:19.846 [New_DB_Mointor.py:232] : [实例 41d3cf1e] 检查完成: 2025-04-08 23:11:19.846054, 耗时: 0.004945秒
2025-04-08 23:11:19.846 [New_DB_Mointor.py:257] : [实例 41d3cf1e] 循环 #79 执行耗时: 0.01秒, 将休眠: 19.99秒
2025-04-08 23:11:39.841 [New_DB_Mointor.py:264] : [实例 41d3cf1e] 循环 #79 结束: 2025-04-08 23:11:39, 总耗时: 20.00秒
2025-04-08 23:11:39.842 [New_DB_Mointor.py:245] : [实例 41d3cf1e] 循环 #80 开始: 2025-04-08 23:11:39
2025-04-08 23:11:39.842 [New_DB_Mointor.py:180] : [实例 41d3cf1e] 开始检查: 2025-04-08 23:11:39.842479
2025-04-08 23:11:39.843 [base.py:2699] : BEGIN (implicit)
2025-04-08 23:11:39.844 [base.py:1843] : SELECT count(user_ticket_monitors.monitor_ticket_id) AS count_1 
FROM user_ticket_monitors
2025-04-08 23:11:39.845 [base.py:1843] : [cached since 1580s ago] {}
2025-04-08 23:11:39.846 [base.py:2702] : ROLLBACK
2025-04-08 23:11:39.847 [New_DB_Mointor.py:232] : [实例 41d3cf1e] 检查完成: 2025-04-08 23:11:39.847462, 耗时: 0.004983秒
2025-04-08 23:11:39.848 [New_DB_Mointor.py:257] : [实例 41d3cf1e] 循环 #80 执行耗时: 0.01秒, 将休眠: 19.99秒
2025-04-08 23:11:59.843 [New_DB_Mointor.py:264] : [实例 41d3cf1e] 循环 #80 结束: 2025-04-08 23:11:59, 总耗时: 20.00秒
2025-04-08 23:11:59.843 [New_DB_Mointor.py:245] : [实例 41d3cf1e] 循环 #81 开始: 2025-04-08 23:11:59
2025-04-08 23:11:59.844 [New_DB_Mointor.py:180] : [实例 41d3cf1e] 开始检查: 2025-04-08 23:11:59.843992
2025-04-08 23:11:59.845 [base.py:2699] : BEGIN (implicit)
2025-04-08 23:11:59.846 [base.py:1843] : SELECT count(user_ticket_monitors.monitor_ticket_id) AS count_1 
FROM user_ticket_monitors
2025-04-08 23:11:59.847 [base.py:1843] : [cached since 1600s ago] {}
2025-04-08 23:11:59.848 [base.py:2702] : ROLLBACK
2025-04-08 23:11:59.849 [New_DB_Mointor.py:232] : [实例 41d3cf1e] 检查完成: 2025-04-08 23:11:59.849738, 耗时: 0.005746秒
2025-04-08 23:11:59.850 [New_DB_Mointor.py:257] : [实例 41d3cf1e] 循环 #81 执行耗时: 0.01秒, 将休眠: 19.99秒
2025-04-08 23:12:19.844 [New_DB_Mointor.py:264] : [实例 41d3cf1e] 循环 #81 结束: 2025-04-08 23:12:19, 总耗时: 20.00秒
2025-04-08 23:12:19.845 [New_DB_Mointor.py:245] : [实例 41d3cf1e] 循环 #82 开始: 2025-04-08 23:12:19
2025-04-08 23:12:19.845 [New_DB_Mointor.py:180] : [实例 41d3cf1e] 开始检查: 2025-04-08 23:12:19.845389
2025-04-08 23:12:19.846 [base.py:2699] : BEGIN (implicit)
2025-04-08 23:12:19.847 [base.py:1843] : SELECT count(user_ticket_monitors.monitor_ticket_id) AS count_1 
FROM user_ticket_monitors
2025-04-08 23:12:19.848 [base.py:1843] : [cached since 1620s ago] {}
2025-04-08 23:12:19.849 [base.py:2702] : ROLLBACK
2025-04-08 23:12:19.851 [New_DB_Mointor.py:232] : [实例 41d3cf1e] 检查完成: 2025-04-08 23:12:19.850934, 耗时: 0.005545秒
2025-04-08 23:12:19.852 [New_DB_Mointor.py:257] : [实例 41d3cf1e] 循环 #82 执行耗时: 0.01秒, 将休眠: 19.99秒
2025-04-08 23:12:39.845 [New_DB_Mointor.py:264] : [实例 41d3cf1e] 循环 #82 结束: 2025-04-08 23:12:39, 总耗时: 20.00秒
2025-04-08 23:12:39.846 [New_DB_Mointor.py:245] : [实例 41d3cf1e] 循环 #83 开始: 2025-04-08 23:12:39
2025-04-08 23:12:39.846 [New_DB_Mointor.py:180] : [实例 41d3cf1e] 开始检查: 2025-04-08 23:12:39.846935
2025-04-08 23:12:39.847 [base.py:2699] : BEGIN (implicit)
2025-04-08 23:12:39.848 [base.py:1843] : SELECT count(user_ticket_monitors.monitor_ticket_id) AS count_1 
FROM user_ticket_monitors
2025-04-08 23:12:39.849 [base.py:1843] : [cached since 1640s ago] {}
2025-04-08 23:12:39.851 [base.py:2702] : ROLLBACK
2025-04-08 23:12:39.852 [New_DB_Mointor.py:232] : [实例 41d3cf1e] 检查完成: 2025-04-08 23:12:39.852904, 耗时: 0.005969秒
2025-04-08 23:12:39.853 [New_DB_Mointor.py:257] : [实例 41d3cf1e] 循环 #83 执行耗时: 0.01秒, 将休眠: 19.99秒
2025-04-08 23:12:59.847 [New_DB_Mointor.py:264] : [实例 41d3cf1e] 循环 #83 结束: 2025-04-08 23:12:59, 总耗时: 20.00秒
2025-04-08 23:12:59.848 [New_DB_Mointor.py:245] : [实例 41d3cf1e] 循环 #84 开始: 2025-04-08 23:12:59
2025-04-08 23:12:59.848 [New_DB_Mointor.py:180] : [实例 41d3cf1e] 开始检查: 2025-04-08 23:12:59.848510
2025-04-08 23:12:59.849 [base.py:2699] : BEGIN (implicit)
2025-04-08 23:12:59.850 [base.py:1843] : SELECT count(user_ticket_monitors.monitor_ticket_id) AS count_1 
FROM user_ticket_monitors
2025-04-08 23:12:59.852 [base.py:1843] : [cached since 1660s ago] {}
2025-04-08 23:12:59.853 [base.py:2702] : ROLLBACK
2025-04-08 23:12:59.854 [New_DB_Mointor.py:232] : [实例 41d3cf1e] 检查完成: 2025-04-08 23:12:59.854431, 耗时: 0.005921秒
2025-04-08 23:12:59.855 [New_DB_Mointor.py:257] : [实例 41d3cf1e] 循环 #84 执行耗时: 0.01秒, 将休眠: 19.99秒
2025-04-08 23:13:19.849 [New_DB_Mointor.py:264] : [实例 41d3cf1e] 循环 #84 结束: 2025-04-08 23:13:19, 总耗时: 20.00秒
2025-04-08 23:13:19.849 [New_DB_Mointor.py:245] : [实例 41d3cf1e] 循环 #85 开始: 2025-04-08 23:13:19
2025-04-08 23:13:19.850 [New_DB_Mointor.py:180] : [实例 41d3cf1e] 开始检查: 2025-04-08 23:13:19.849980
2025-04-08 23:13:19.851 [base.py:2699] : BEGIN (implicit)
2025-04-08 23:13:19.853 [base.py:1843] : SELECT count(user_ticket_monitors.monitor_ticket_id) AS count_1 
FROM user_ticket_monitors
2025-04-08 23:13:19.854 [base.py:1843] : [cached since 1680s ago] {}
2025-04-08 23:13:19.855 [base.py:2702] : ROLLBACK
2025-04-08 23:13:19.856 [New_DB_Mointor.py:232] : [实例 41d3cf1e] 检查完成: 2025-04-08 23:13:19.856716, 耗时: 0.006736秒
2025-04-08 23:13:19.857 [New_DB_Mointor.py:257] : [实例 41d3cf1e] 循环 #85 执行耗时: 0.01秒, 将休眠: 19.99秒
2025-04-08 23:13:39.850 [New_DB_Mointor.py:264] : [实例 41d3cf1e] 循环 #85 结束: 2025-04-08 23:13:39, 总耗时: 20.00秒
2025-04-08 23:13:39.852 [New_DB_Mointor.py:245] : [实例 41d3cf1e] 循环 #86 开始: 2025-04-08 23:13:39
2025-04-08 23:13:39.852 [New_DB_Mointor.py:180] : [实例 41d3cf1e] 开始检查: 2025-04-08 23:13:39.852664
2025-04-08 23:13:39.853 [base.py:2699] : BEGIN (implicit)
2025-04-08 23:13:39.854 [base.py:1843] : SELECT count(user_ticket_monitors.monitor_ticket_id) AS count_1 
FROM user_ticket_monitors
2025-04-08 23:13:39.855 [base.py:1843] : [cached since 1700s ago] {}
2025-04-08 23:13:39.856 [base.py:2702] : ROLLBACK
2025-04-08 23:13:39.857 [New_DB_Mointor.py:232] : [实例 41d3cf1e] 检查完成: 2025-04-08 23:13:39.857336, 耗时: 0.004672秒
2025-04-08 23:13:39.857 [New_DB_Mointor.py:257] : [实例 41d3cf1e] 循环 #86 执行耗时: 0.01秒, 将休眠: 19.99秒
2025-04-08 23:13:59.856 [New_DB_Mointor.py:264] : [实例 41d3cf1e] 循环 #86 结束: 2025-04-08 23:13:59, 总耗时: 20.00秒
2025-04-08 23:13:59.857 [New_DB_Mointor.py:245] : [实例 41d3cf1e] 循环 #87 开始: 2025-04-08 23:13:59
2025-04-08 23:13:59.858 [New_DB_Mointor.py:180] : [实例 41d3cf1e] 开始检查: 2025-04-08 23:13:59.858064
2025-04-08 23:13:59.859 [base.py:2699] : BEGIN (implicit)
2025-04-08 23:13:59.860 [base.py:1843] : SELECT count(user_ticket_monitors.monitor_ticket_id) AS count_1 
FROM user_ticket_monitors
2025-04-08 23:13:59.861 [base.py:1843] : [cached since 1720s ago] {}
2025-04-08 23:13:59.863 [base.py:2702] : ROLLBACK
2025-04-08 23:13:59.864 [New_DB_Mointor.py:232] : [实例 41d3cf1e] 检查完成: 2025-04-08 23:13:59.864823, 耗时: 0.006759秒
2025-04-08 23:13:59.865 [New_DB_Mointor.py:257] : [实例 41d3cf1e] 循环 #87 执行耗时: 0.01秒, 将休眠: 19.99秒
2025-04-08 23:14:19.858 [New_DB_Mointor.py:264] : [实例 41d3cf1e] 循环 #87 结束: 2025-04-08 23:14:19, 总耗时: 20.00秒
2025-04-08 23:14:19.859 [New_DB_Mointor.py:245] : [实例 41d3cf1e] 循环 #88 开始: 2025-04-08 23:14:19
2025-04-08 23:14:19.859 [New_DB_Mointor.py:180] : [实例 41d3cf1e] 开始检查: 2025-04-08 23:14:19.859791
2025-04-08 23:14:19.860 [base.py:2699] : BEGIN (implicit)
2025-04-08 23:14:19.861 [base.py:1843] : SELECT count(user_ticket_monitors.monitor_ticket_id) AS count_1 
FROM user_ticket_monitors
2025-04-08 23:14:19.862 [base.py:1843] : [cached since 1740s ago] {}
2025-04-08 23:14:19.863 [base.py:2702] : ROLLBACK
2025-04-08 23:14:19.864 [New_DB_Mointor.py:232] : [实例 41d3cf1e] 检查完成: 2025-04-08 23:14:19.864880, 耗时: 0.005089秒
2025-04-08 23:14:19.865 [New_DB_Mointor.py:257] : [实例 41d3cf1e] 循环 #88 执行耗时: 0.01秒, 将休眠: 19.99秒
2025-04-08 23:14:39.860 [New_DB_Mointor.py:264] : [实例 41d3cf1e] 循环 #88 结束: 2025-04-08 23:14:39, 总耗时: 20.00秒
2025-04-08 23:14:39.861 [New_DB_Mointor.py:245] : [实例 41d3cf1e] 循环 #89 开始: 2025-04-08 23:14:39
2025-04-08 23:14:39.861 [New_DB_Mointor.py:180] : [实例 41d3cf1e] 开始检查: 2025-04-08 23:14:39.861484
2025-04-08 23:14:39.862 [base.py:2699] : BEGIN (implicit)
2025-04-08 23:14:39.863 [base.py:1843] : SELECT count(user_ticket_monitors.monitor_ticket_id) AS count_1 
FROM user_ticket_monitors
2025-04-08 23:14:39.864 [base.py:1843] : [cached since 1760s ago] {}
2025-04-08 23:14:39.865 [base.py:2702] : ROLLBACK
2025-04-08 23:14:39.866 [New_DB_Mointor.py:232] : [实例 41d3cf1e] 检查完成: 2025-04-08 23:14:39.866293, 耗时: 0.004809秒
2025-04-08 23:14:39.868 [New_DB_Mointor.py:257] : [实例 41d3cf1e] 循环 #89 执行耗时: 0.01秒, 将休眠: 19.99秒
2025-04-08 23:14:59.862 [New_DB_Mointor.py:264] : [实例 41d3cf1e] 循环 #89 结束: 2025-04-08 23:14:59, 总耗时: 20.00秒
2025-04-08 23:14:59.863 [New_DB_Mointor.py:245] : [实例 41d3cf1e] 循环 #90 开始: 2025-04-08 23:14:59
2025-04-08 23:14:59.863 [New_DB_Mointor.py:180] : [实例 41d3cf1e] 开始检查: 2025-04-08 23:14:59.863424
2025-04-08 23:14:59.864 [base.py:2699] : BEGIN (implicit)
2025-04-08 23:14:59.865 [base.py:1843] : SELECT count(user_ticket_monitors.monitor_ticket_id) AS count_1 
FROM user_ticket_monitors
2025-04-08 23:14:59.867 [base.py:1843] : [cached since 1780s ago] {}
2025-04-08 23:14:59.868 [base.py:2702] : ROLLBACK
2025-04-08 23:14:59.870 [New_DB_Mointor.py:232] : [实例 41d3cf1e] 检查完成: 2025-04-08 23:14:59.870363, 耗时: 0.006939秒
2025-04-08 23:14:59.870 [New_DB_Mointor.py:257] : [实例 41d3cf1e] 循环 #90 执行耗时: 0.01秒, 将休眠: 19.99秒
2025-04-08 23:15:19.864 [New_DB_Mointor.py:264] : [实例 41d3cf1e] 循环 #90 结束: 2025-04-08 23:15:19, 总耗时: 20.00秒
2025-04-08 23:15:19.864 [New_DB_Mointor.py:245] : [实例 41d3cf1e] 循环 #91 开始: 2025-04-08 23:15:19
2025-04-08 23:15:19.865 [New_DB_Mointor.py:180] : [实例 41d3cf1e] 开始检查: 2025-04-08 23:15:19.865179
2025-04-08 23:15:19.894 [base.py:2699] : BEGIN (implicit)
2025-04-08 23:15:19.957 [base.py:1843] : SELECT count(user_ticket_monitors.monitor_ticket_id) AS count_1 
FROM user_ticket_monitors
2025-04-08 23:15:19.958 [base.py:1843] : [cached since 1800s ago] {}
2025-04-08 23:15:19.959 [base.py:2702] : ROLLBACK
2025-04-08 23:15:19.960 [New_DB_Mointor.py:232] : [实例 41d3cf1e] 检查完成: 2025-04-08 23:15:19.960876, 耗时: 0.095697秒
2025-04-08 23:15:19.961 [New_DB_Mointor.py:257] : [实例 41d3cf1e] 循环 #91 执行耗时: 0.10秒, 将休眠: 19.90秒
2025-04-08 23:15:39.865 [New_DB_Mointor.py:264] : [实例 41d3cf1e] 循环 #91 结束: 2025-04-08 23:15:39, 总耗时: 20.00秒
2025-04-08 23:15:39.865 [New_DB_Mointor.py:245] : [实例 41d3cf1e] 循环 #92 开始: 2025-04-08 23:15:39
2025-04-08 23:15:39.869 [New_DB_Mointor.py:180] : [实例 41d3cf1e] 开始检查: 2025-04-08 23:15:39.868909
2025-04-08 23:15:39.871 [base.py:2699] : BEGIN (implicit)
2025-04-08 23:15:39.873 [base.py:1843] : SELECT count(user_ticket_monitors.monitor_ticket_id) AS count_1 
FROM user_ticket_monitors
2025-04-08 23:15:39.875 [base.py:1843] : [cached since 1820s ago] {}
2025-04-08 23:15:39.876 [base.py:2702] : ROLLBACK
2025-04-08 23:15:39.877 [New_DB_Mointor.py:232] : [实例 41d3cf1e] 检查完成: 2025-04-08 23:15:39.877863, 耗时: 0.008954秒
2025-04-08 23:15:39.878 [New_DB_Mointor.py:257] : [实例 41d3cf1e] 循环 #92 执行耗时: 0.01秒, 将休眠: 19.99秒
2025-04-08 23:15:59.867 [New_DB_Mointor.py:264] : [实例 41d3cf1e] 循环 #92 结束: 2025-04-08 23:15:59, 总耗时: 20.00秒
2025-04-08 23:15:59.868 [New_DB_Mointor.py:245] : [实例 41d3cf1e] 循环 #93 开始: 2025-04-08 23:15:59
2025-04-08 23:15:59.870 [New_DB_Mointor.py:180] : [实例 41d3cf1e] 开始检查: 2025-04-08 23:15:59.870071
2025-04-08 23:15:59.871 [base.py:2699] : BEGIN (implicit)
2025-04-08 23:15:59.872 [base.py:1843] : SELECT count(user_ticket_monitors.monitor_ticket_id) AS count_1 
FROM user_ticket_monitors
2025-04-08 23:15:59.873 [base.py:1843] : [cached since 1840s ago] {}
2025-04-08 23:15:59.874 [base.py:2702] : ROLLBACK
2025-04-08 23:15:59.875 [New_DB_Mointor.py:232] : [实例 41d3cf1e] 检查完成: 2025-04-08 23:15:59.875417, 耗时: 0.005346秒
2025-04-08 23:15:59.876 [New_DB_Mointor.py:257] : [实例 41d3cf1e] 循环 #93 执行耗时: 0.01秒, 将休眠: 19.99秒
2025-04-08 23:16:19.869 [New_DB_Mointor.py:264] : [实例 41d3cf1e] 循环 #93 结束: 2025-04-08 23:16:19, 总耗时: 20.00秒
2025-04-08 23:16:19.870 [New_DB_Mointor.py:245] : [实例 41d3cf1e] 循环 #94 开始: 2025-04-08 23:16:19
2025-04-08 23:16:19.870 [New_DB_Mointor.py:180] : [实例 41d3cf1e] 开始检查: 2025-04-08 23:16:19.870725
2025-04-08 23:16:19.871 [base.py:2699] : BEGIN (implicit)
2025-04-08 23:16:19.872 [base.py:1843] : SELECT count(user_ticket_monitors.monitor_ticket_id) AS count_1 
FROM user_ticket_monitors
2025-04-08 23:16:19.873 [base.py:1843] : [cached since 1860s ago] {}
2025-04-08 23:16:19.874 [base.py:2702] : ROLLBACK
2025-04-08 23:16:19.875 [New_DB_Mointor.py:232] : [实例 41d3cf1e] 检查完成: 2025-04-08 23:16:19.875699, 耗时: 0.004974秒
2025-04-08 23:16:19.876 [New_DB_Mointor.py:257] : [实例 41d3cf1e] 循环 #94 执行耗时: 0.01秒, 将休眠: 19.99秒
2025-04-08 23:16:39.871 [New_DB_Mointor.py:264] : [实例 41d3cf1e] 循环 #94 结束: 2025-04-08 23:16:39, 总耗时: 20.00秒
2025-04-08 23:16:39.872 [New_DB_Mointor.py:245] : [实例 41d3cf1e] 循环 #95 开始: 2025-04-08 23:16:39
2025-04-08 23:16:39.872 [New_DB_Mointor.py:180] : [实例 41d3cf1e] 开始检查: 2025-04-08 23:16:39.872441
2025-04-08 23:16:39.873 [base.py:2699] : BEGIN (implicit)
2025-04-08 23:16:39.874 [base.py:1843] : SELECT count(user_ticket_monitors.monitor_ticket_id) AS count_1 
FROM user_ticket_monitors
2025-04-08 23:16:39.876 [base.py:1843] : [cached since 1880s ago] {}
2025-04-08 23:16:39.877 [base.py:2702] : ROLLBACK
2025-04-08 23:16:39.878 [New_DB_Mointor.py:232] : [实例 41d3cf1e] 检查完成: 2025-04-08 23:16:39.878841, 耗时: 0.0064秒
2025-04-08 23:16:39.879 [New_DB_Mointor.py:257] : [实例 41d3cf1e] 循环 #95 执行耗时: 0.01秒, 将休眠: 19.99秒
2025-04-08 23:16:59.872 [New_DB_Mointor.py:264] : [实例 41d3cf1e] 循环 #95 结束: 2025-04-08 23:16:59, 总耗时: 20.00秒
2025-04-08 23:16:59.873 [New_DB_Mointor.py:245] : [实例 41d3cf1e] 循环 #96 开始: 2025-04-08 23:16:59
2025-04-08 23:16:59.873 [New_DB_Mointor.py:180] : [实例 41d3cf1e] 开始检查: 2025-04-08 23:16:59.873738
2025-04-08 23:16:59.874 [base.py:2699] : BEGIN (implicit)
2025-04-08 23:16:59.875 [base.py:1843] : SELECT count(user_ticket_monitors.monitor_ticket_id) AS count_1 
FROM user_ticket_monitors
2025-04-08 23:16:59.876 [base.py:1843] : [cached since 1900s ago] {}
2025-04-08 23:16:59.877 [base.py:2702] : ROLLBACK
2025-04-08 23:16:59.878 [New_DB_Mointor.py:232] : [实例 41d3cf1e] 检查完成: 2025-04-08 23:16:59.878811, 耗时: 0.005073秒
2025-04-08 23:16:59.879 [New_DB_Mointor.py:257] : [实例 41d3cf1e] 循环 #96 执行耗时: 0.01秒, 将休眠: 19.99秒
2025-04-08 23:17:19.874 [New_DB_Mointor.py:264] : [实例 41d3cf1e] 循环 #96 结束: 2025-04-08 23:17:19, 总耗时: 20.00秒
2025-04-08 23:17:19.874 [New_DB_Mointor.py:245] : [实例 41d3cf1e] 循环 #97 开始: 2025-04-08 23:17:19
2025-04-08 23:17:19.875 [New_DB_Mointor.py:180] : [实例 41d3cf1e] 开始检查: 2025-04-08 23:17:19.875409
2025-04-08 23:17:19.876 [base.py:2699] : BEGIN (implicit)
2025-04-08 23:17:19.877 [base.py:1843] : SELECT count(user_ticket_monitors.monitor_ticket_id) AS count_1 
FROM user_ticket_monitors
2025-04-08 23:17:19.878 [base.py:1843] : [cached since 1920s ago] {}
2025-04-08 23:17:19.879 [base.py:2702] : ROLLBACK
2025-04-08 23:17:19.880 [New_DB_Mointor.py:232] : [实例 41d3cf1e] 检查完成: 2025-04-08 23:17:19.880415, 耗时: 0.005006秒
2025-04-08 23:17:19.880 [New_DB_Mointor.py:257] : [实例 41d3cf1e] 循环 #97 执行耗时: 0.01秒, 将休眠: 19.99秒
2025-04-08 23:17:39.876 [New_DB_Mointor.py:264] : [实例 41d3cf1e] 循环 #97 结束: 2025-04-08 23:17:39, 总耗时: 20.00秒
2025-04-08 23:17:39.876 [New_DB_Mointor.py:245] : [实例 41d3cf1e] 循环 #98 开始: 2025-04-08 23:17:39
2025-04-08 23:17:39.877 [New_DB_Mointor.py:180] : [实例 41d3cf1e] 开始检查: 2025-04-08 23:17:39.877230
2025-04-08 23:17:39.878 [base.py:2699] : BEGIN (implicit)
2025-04-08 23:17:39.879 [base.py:1843] : SELECT count(user_ticket_monitors.monitor_ticket_id) AS count_1 
FROM user_ticket_monitors
2025-04-08 23:17:39.880 [base.py:1843] : [cached since 1940s ago] {}
2025-04-08 23:17:39.882 [base.py:2702] : ROLLBACK
2025-04-08 23:17:39.884 [New_DB_Mointor.py:232] : [实例 41d3cf1e] 检查完成: 2025-04-08 23:17:39.884180, 耗时: 0.00695秒
2025-04-08 23:17:39.884 [New_DB_Mointor.py:257] : [实例 41d3cf1e] 循环 #98 执行耗时: 0.01秒, 将休眠: 19.99秒
2025-04-08 23:17:59.877 [New_DB_Mointor.py:264] : [实例 41d3cf1e] 循环 #98 结束: 2025-04-08 23:17:59, 总耗时: 20.00秒
2025-04-08 23:17:59.878 [New_DB_Mointor.py:245] : [实例 41d3cf1e] 循环 #99 开始: 2025-04-08 23:17:59
2025-04-08 23:17:59.878 [New_DB_Mointor.py:180] : [实例 41d3cf1e] 开始检查: 2025-04-08 23:17:59.878849
2025-04-08 23:17:59.879 [base.py:2699] : BEGIN (implicit)
2025-04-08 23:17:59.881 [base.py:1843] : SELECT count(user_ticket_monitors.monitor_ticket_id) AS count_1 
FROM user_ticket_monitors
2025-04-08 23:17:59.882 [base.py:1843] : [cached since 1960s ago] {}
2025-04-08 23:17:59.884 [base.py:2702] : ROLLBACK
2025-04-08 23:17:59.885 [New_DB_Mointor.py:232] : [实例 41d3cf1e] 检查完成: 2025-04-08 23:17:59.885617, 耗时: 0.006768秒
2025-04-08 23:17:59.886 [New_DB_Mointor.py:257] : [实例 41d3cf1e] 循环 #99 执行耗时: 0.01秒, 将休眠: 19.99秒
2025-04-08 23:18:19.879 [New_DB_Mointor.py:264] : [实例 41d3cf1e] 循环 #99 结束: 2025-04-08 23:18:19, 总耗时: 20.00秒
2025-04-08 23:18:19.879 [New_DB_Mointor.py:245] : [实例 41d3cf1e] 循环 #100 开始: 2025-04-08 23:18:19
2025-04-08 23:18:19.880 [New_DB_Mointor.py:180] : [实例 41d3cf1e] 开始检查: 2025-04-08 23:18:19.880176
2025-04-08 23:18:19.881 [base.py:2699] : BEGIN (implicit)
2025-04-08 23:18:19.883 [base.py:1843] : SELECT count(user_ticket_monitors.monitor_ticket_id) AS count_1 
FROM user_ticket_monitors
2025-04-08 23:18:19.884 [base.py:1843] : [cached since 1980s ago] {}
2025-04-08 23:18:19.885 [base.py:2702] : ROLLBACK
2025-04-08 23:18:19.886 [New_DB_Mointor.py:232] : [实例 41d3cf1e] 检查完成: 2025-04-08 23:18:19.886906, 耗时: 0.00673秒
2025-04-08 23:18:19.887 [New_DB_Mointor.py:257] : [实例 41d3cf1e] 循环 #100 执行耗时: 0.01秒, 将休眠: 19.99秒
2025-04-08 23:18:39.881 [New_DB_Mointor.py:264] : [实例 41d3cf1e] 循环 #100 结束: 2025-04-08 23:18:39, 总耗时: 20.00秒
2025-04-08 23:18:39.882 [New_DB_Mointor.py:245] : [实例 41d3cf1e] 循环 #101 开始: 2025-04-08 23:18:39
2025-04-08 23:18:39.883 [New_DB_Mointor.py:180] : [实例 41d3cf1e] 开始检查: 2025-04-08 23:18:39.882958
2025-04-08 23:18:39.884 [base.py:2699] : BEGIN (implicit)
2025-04-08 23:18:39.885 [base.py:1843] : SELECT count(user_ticket_monitors.monitor_ticket_id) AS count_1 
FROM user_ticket_monitors
2025-04-08 23:18:39.886 [base.py:1843] : [cached since 2000s ago] {}
2025-04-08 23:18:39.887 [base.py:2702] : ROLLBACK
2025-04-08 23:18:39.889 [New_DB_Mointor.py:232] : [实例 41d3cf1e] 检查完成: 2025-04-08 23:18:39.889307, 耗时: 0.006349秒
2025-04-08 23:18:39.889 [New_DB_Mointor.py:257] : [实例 41d3cf1e] 循环 #101 执行耗时: 0.01秒, 将休眠: 19.99秒
2025-04-08 23:18:59.883 [New_DB_Mointor.py:264] : [实例 41d3cf1e] 循环 #101 结束: 2025-04-08 23:18:59, 总耗时: 20.00秒
2025-04-08 23:18:59.884 [New_DB_Mointor.py:245] : [实例 41d3cf1e] 循环 #102 开始: 2025-04-08 23:18:59
2025-04-08 23:18:59.884 [New_DB_Mointor.py:180] : [实例 41d3cf1e] 开始检查: 2025-04-08 23:18:59.884676
2025-04-08 23:18:59.885 [base.py:2699] : BEGIN (implicit)
2025-04-08 23:18:59.887 [base.py:1843] : SELECT count(user_ticket_monitors.monitor_ticket_id) AS count_1 
FROM user_ticket_monitors
2025-04-08 23:18:59.888 [base.py:1843] : [cached since 2020s ago] {}
2025-04-08 23:18:59.889 [base.py:2702] : ROLLBACK
2025-04-08 23:18:59.891 [New_DB_Mointor.py:232] : [实例 41d3cf1e] 检查完成: 2025-04-08 23:18:59.891362, 耗时: 0.006686秒
2025-04-08 23:18:59.891 [New_DB_Mointor.py:257] : [实例 41d3cf1e] 循环 #102 执行耗时: 0.01秒, 将休眠: 19.99秒
2025-04-08 23:19:19.884 [New_DB_Mointor.py:264] : [实例 41d3cf1e] 循环 #102 结束: 2025-04-08 23:19:19, 总耗时: 20.00秒
2025-04-08 23:19:19.885 [New_DB_Mointor.py:245] : [实例 41d3cf1e] 循环 #103 开始: 2025-04-08 23:19:19
2025-04-08 23:19:19.885 [New_DB_Mointor.py:180] : [实例 41d3cf1e] 开始检查: 2025-04-08 23:19:19.885865
2025-04-08 23:19:19.886 [base.py:2699] : BEGIN (implicit)
2025-04-08 23:19:19.887 [base.py:1843] : SELECT count(user_ticket_monitors.monitor_ticket_id) AS count_1 
FROM user_ticket_monitors
2025-04-08 23:19:19.888 [base.py:1843] : [cached since 2040s ago] {}
2025-04-08 23:19:19.889 [base.py:2702] : ROLLBACK
2025-04-08 23:19:19.890 [New_DB_Mointor.py:232] : [实例 41d3cf1e] 检查完成: 2025-04-08 23:19:19.890774, 耗时: 0.004909秒
2025-04-08 23:19:19.891 [New_DB_Mointor.py:257] : [实例 41d3cf1e] 循环 #103 执行耗时: 0.01秒, 将休眠: 19.99秒
2025-04-08 23:19:39.886 [New_DB_Mointor.py:264] : [实例 41d3cf1e] 循环 #103 结束: 2025-04-08 23:19:39, 总耗时: 20.00秒
2025-04-08 23:19:39.887 [New_DB_Mointor.py:245] : [实例 41d3cf1e] 循环 #104 开始: 2025-04-08 23:19:39
2025-04-08 23:19:39.887 [New_DB_Mointor.py:180] : [实例 41d3cf1e] 开始检查: 2025-04-08 23:19:39.887791
2025-04-08 23:19:39.888 [base.py:2699] : BEGIN (implicit)
2025-04-08 23:19:39.889 [base.py:1843] : SELECT count(user_ticket_monitors.monitor_ticket_id) AS count_1 
FROM user_ticket_monitors
2025-04-08 23:19:39.890 [base.py:1843] : [cached since 2060s ago] {}
2025-04-08 23:19:39.892 [base.py:2702] : ROLLBACK
2025-04-08 23:19:39.893 [New_DB_Mointor.py:232] : [实例 41d3cf1e] 检查完成: 2025-04-08 23:19:39.893362, 耗时: 0.005571秒
2025-04-08 23:19:39.893 [New_DB_Mointor.py:257] : [实例 41d3cf1e] 循环 #104 执行耗时: 0.01秒, 将休眠: 19.99秒
2025-04-08 23:19:59.888 [New_DB_Mointor.py:264] : [实例 41d3cf1e] 循环 #104 结束: 2025-04-08 23:19:59, 总耗时: 20.00秒
2025-04-08 23:19:59.888 [New_DB_Mointor.py:245] : [实例 41d3cf1e] 循环 #105 开始: 2025-04-08 23:19:59
2025-04-08 23:19:59.889 [New_DB_Mointor.py:180] : [实例 41d3cf1e] 开始检查: 2025-04-08 23:19:59.889481
2025-04-08 23:19:59.890 [base.py:2699] : BEGIN (implicit)
2025-04-08 23:19:59.892 [base.py:1843] : SELECT count(user_ticket_monitors.monitor_ticket_id) AS count_1 
FROM user_ticket_monitors
2025-04-08 23:19:59.893 [base.py:1843] : [cached since 2080s ago] {}
2025-04-08 23:19:59.902 [base.py:2702] : ROLLBACK
2025-04-08 23:19:59.951 [New_DB_Mointor.py:232] : [实例 41d3cf1e] 检查完成: 2025-04-08 23:19:59.951528, 耗时: 0.062047秒
2025-04-08 23:19:59.952 [New_DB_Mointor.py:257] : [实例 41d3cf1e] 循环 #105 执行耗时: 0.06秒, 将休眠: 19.94秒
2025-04-08 23:20:19.889 [New_DB_Mointor.py:264] : [实例 41d3cf1e] 循环 #105 结束: 2025-04-08 23:20:19, 总耗时: 20.00秒
2025-04-08 23:20:19.890 [New_DB_Mointor.py:245] : [实例 41d3cf1e] 循环 #106 开始: 2025-04-08 23:20:19
2025-04-08 23:20:19.890 [New_DB_Mointor.py:180] : [实例 41d3cf1e] 开始检查: 2025-04-08 23:20:19.890604
2025-04-08 23:20:19.891 [base.py:2699] : BEGIN (implicit)
2025-04-08 23:20:19.892 [base.py:1843] : SELECT count(user_ticket_monitors.monitor_ticket_id) AS count_1 
FROM user_ticket_monitors
2025-04-08 23:20:19.893 [base.py:1843] : [cached since 2100s ago] {}
2025-04-08 23:20:19.895 [base.py:2702] : ROLLBACK
2025-04-08 23:20:19.896 [New_DB_Mointor.py:232] : [实例 41d3cf1e] 检查完成: 2025-04-08 23:20:19.896483, 耗时: 0.005879秒
2025-04-08 23:20:19.897 [New_DB_Mointor.py:257] : [实例 41d3cf1e] 循环 #106 执行耗时: 0.01秒, 将休眠: 19.99秒
2025-04-08 23:20:39.891 [New_DB_Mointor.py:264] : [实例 41d3cf1e] 循环 #106 结束: 2025-04-08 23:20:39, 总耗时: 20.00秒
2025-04-08 23:20:39.891 [New_DB_Mointor.py:245] : [实例 41d3cf1e] 循环 #107 开始: 2025-04-08 23:20:39
2025-04-08 23:20:39.892 [New_DB_Mointor.py:180] : [实例 41d3cf1e] 开始检查: 2025-04-08 23:20:39.892192
2025-04-08 23:20:39.892 [base.py:2699] : BEGIN (implicit)
2025-04-08 23:20:39.893 [base.py:1843] : SELECT count(user_ticket_monitors.monitor_ticket_id) AS count_1 
FROM user_ticket_monitors
2025-04-08 23:20:39.894 [base.py:1843] : [cached since 2120s ago] {}
2025-04-08 23:20:39.895 [base.py:2702] : ROLLBACK
2025-04-08 23:20:39.898 [New_DB_Mointor.py:232] : [实例 41d3cf1e] 检查完成: 2025-04-08 23:20:39.898140, 耗时: 0.005948秒
2025-04-08 23:20:39.898 [New_DB_Mointor.py:257] : [实例 41d3cf1e] 循环 #107 执行耗时: 0.01秒, 将休眠: 19.99秒
2025-04-08 23:20:59.892 [New_DB_Mointor.py:264] : [实例 41d3cf1e] 循环 #107 结束: 2025-04-08 23:20:59, 总耗时: 20.00秒
2025-04-08 23:20:59.893 [New_DB_Mointor.py:245] : [实例 41d3cf1e] 循环 #108 开始: 2025-04-08 23:20:59
2025-04-08 23:20:59.893 [New_DB_Mointor.py:180] : [实例 41d3cf1e] 开始检查: 2025-04-08 23:20:59.893477
2025-04-08 23:20:59.894 [base.py:2699] : BEGIN (implicit)
2025-04-08 23:20:59.895 [base.py:1843] : SELECT count(user_ticket_monitors.monitor_ticket_id) AS count_1 
FROM user_ticket_monitors
2025-04-08 23:20:59.896 [base.py:1843] : [cached since 2140s ago] {}
2025-04-08 23:20:59.899 [base.py:2702] : ROLLBACK
2025-04-08 23:20:59.901 [New_DB_Mointor.py:232] : [实例 41d3cf1e] 检查完成: 2025-04-08 23:20:59.900982, 耗时: 0.007505秒
2025-04-08 23:20:59.901 [New_DB_Mointor.py:257] : [实例 41d3cf1e] 循环 #108 执行耗时: 0.01秒, 将休眠: 19.99秒
2025-04-08 23:21:19.893 [New_DB_Mointor.py:264] : [实例 41d3cf1e] 循环 #108 结束: 2025-04-08 23:21:19, 总耗时: 20.00秒
2025-04-08 23:21:19.894 [New_DB_Mointor.py:245] : [实例 41d3cf1e] 循环 #109 开始: 2025-04-08 23:21:19
2025-04-08 23:21:19.894 [New_DB_Mointor.py:180] : [实例 41d3cf1e] 开始检查: 2025-04-08 23:21:19.894456
2025-04-08 23:21:19.895 [base.py:2699] : BEGIN (implicit)
2025-04-08 23:21:19.897 [base.py:1843] : SELECT count(user_ticket_monitors.monitor_ticket_id) AS count_1 
FROM user_ticket_monitors
2025-04-08 23:21:19.898 [base.py:1843] : [cached since 2160s ago] {}
2025-04-08 23:21:19.899 [base.py:2702] : ROLLBACK
2025-04-08 23:21:19.901 [New_DB_Mointor.py:232] : [实例 41d3cf1e] 检查完成: 2025-04-08 23:21:19.900916, 耗时: 0.00646秒
2025-04-08 23:21:19.901 [New_DB_Mointor.py:257] : [实例 41d3cf1e] 循环 #109 执行耗时: 0.01秒, 将休眠: 19.99秒
2025-04-08 23:21:39.895 [New_DB_Mointor.py:264] : [实例 41d3cf1e] 循环 #109 结束: 2025-04-08 23:21:39, 总耗时: 20.00秒
2025-04-08 23:21:39.895 [New_DB_Mointor.py:245] : [实例 41d3cf1e] 循环 #110 开始: 2025-04-08 23:21:39
2025-04-08 23:21:39.896 [New_DB_Mointor.py:180] : [实例 41d3cf1e] 开始检查: 2025-04-08 23:21:39.896017
2025-04-08 23:21:39.900 [base.py:2699] : BEGIN (implicit)
2025-04-08 23:21:39.901 [base.py:1843] : SELECT count(user_ticket_monitors.monitor_ticket_id) AS count_1 
FROM user_ticket_monitors
2025-04-08 23:21:39.904 [base.py:1843] : [cached since 2180s ago] {}
2025-04-08 23:21:39.907 [base.py:2702] : ROLLBACK
2025-04-08 23:21:39.908 [New_DB_Mointor.py:232] : [实例 41d3cf1e] 检查完成: 2025-04-08 23:21:39.908333, 耗时: 0.012316秒
2025-04-08 23:21:39.908 [New_DB_Mointor.py:257] : [实例 41d3cf1e] 循环 #110 执行耗时: 0.01秒, 将休眠: 19.99秒
2025-04-08 23:21:59.898 [New_DB_Mointor.py:264] : [实例 41d3cf1e] 循环 #110 结束: 2025-04-08 23:21:59, 总耗时: 20.00秒
2025-04-08 23:21:59.900 [New_DB_Mointor.py:245] : [实例 41d3cf1e] 循环 #111 开始: 2025-04-08 23:21:59
2025-04-08 23:21:59.901 [New_DB_Mointor.py:180] : [实例 41d3cf1e] 开始检查: 2025-04-08 23:21:59.900988
2025-04-08 23:21:59.919 [base.py:2699] : BEGIN (implicit)
2025-04-08 23:21:59.949 [base.py:1843] : SELECT count(user_ticket_monitors.monitor_ticket_id) AS count_1 
FROM user_ticket_monitors
2025-04-08 23:21:59.950 [base.py:1843] : [cached since 2200s ago] {}
2025-04-08 23:21:59.952 [base.py:2702] : ROLLBACK
2025-04-08 23:21:59.953 [New_DB_Mointor.py:232] : [实例 41d3cf1e] 检查完成: 2025-04-08 23:21:59.952986, 耗时: 0.051998秒
2025-04-08 23:21:59.953 [New_DB_Mointor.py:257] : [实例 41d3cf1e] 循环 #111 执行耗时: 0.05秒, 将休眠: 19.95秒
2025-04-08 23:22:19.901 [New_DB_Mointor.py:264] : [实例 41d3cf1e] 循环 #111 结束: 2025-04-08 23:22:19, 总耗时: 20.00秒
2025-04-08 23:22:19.901 [New_DB_Mointor.py:245] : [实例 41d3cf1e] 循环 #112 开始: 2025-04-08 23:22:19
2025-04-08 23:22:19.902 [New_DB_Mointor.py:180] : [实例 41d3cf1e] 开始检查: 2025-04-08 23:22:19.902142
2025-04-08 23:22:19.903 [base.py:2699] : BEGIN (implicit)
2025-04-08 23:22:19.904 [base.py:1843] : SELECT count(user_ticket_monitors.monitor_ticket_id) AS count_1 
FROM user_ticket_monitors
2025-04-08 23:22:19.905 [base.py:1843] : [cached since 2220s ago] {}
2025-04-08 23:22:19.907 [base.py:2702] : ROLLBACK
2025-04-08 23:22:19.908 [New_DB_Mointor.py:232] : [实例 41d3cf1e] 检查完成: 2025-04-08 23:22:19.908190, 耗时: 0.006048秒
2025-04-08 23:22:19.908 [New_DB_Mointor.py:257] : [实例 41d3cf1e] 循环 #112 执行耗时: 0.01秒, 将休眠: 19.99秒
2025-04-08 23:22:39.902 [New_DB_Mointor.py:264] : [实例 41d3cf1e] 循环 #112 结束: 2025-04-08 23:22:39, 总耗时: 20.00秒
2025-04-08 23:22:39.903 [New_DB_Mointor.py:245] : [实例 41d3cf1e] 循环 #113 开始: 2025-04-08 23:22:39
2025-04-08 23:22:39.903 [New_DB_Mointor.py:180] : [实例 41d3cf1e] 开始检查: 2025-04-08 23:22:39.903363
2025-04-08 23:22:39.904 [base.py:2699] : BEGIN (implicit)
2025-04-08 23:22:39.905 [base.py:1843] : SELECT count(user_ticket_monitors.monitor_ticket_id) AS count_1 
FROM user_ticket_monitors
2025-04-08 23:22:39.906 [base.py:1843] : [cached since 2240s ago] {}
2025-04-08 23:22:39.907 [base.py:2702] : ROLLBACK
2025-04-08 23:22:39.908 [New_DB_Mointor.py:232] : [实例 41d3cf1e] 检查完成: 2025-04-08 23:22:39.908739, 耗时: 0.005376秒
2025-04-08 23:22:39.909 [New_DB_Mointor.py:257] : [实例 41d3cf1e] 循环 #113 执行耗时: 0.01秒, 将休眠: 19.99秒
2025-04-08 23:22:59.904 [New_DB_Mointor.py:264] : [实例 41d3cf1e] 循环 #113 结束: 2025-04-08 23:22:59, 总耗时: 20.00秒
2025-04-08 23:22:59.905 [New_DB_Mointor.py:245] : [实例 41d3cf1e] 循环 #114 开始: 2025-04-08 23:22:59
2025-04-08 23:22:59.971 [New_DB_Mointor.py:180] : [实例 41d3cf1e] 开始检查: 2025-04-08 23:22:59.971725
2025-04-08 23:23:00.039 [base.py:2699] : BEGIN (implicit)
2025-04-08 23:23:00.070 [base.py:1843] : SELECT count(user_ticket_monitors.monitor_ticket_id) AS count_1 
FROM user_ticket_monitors
2025-04-08 23:23:00.102 [base.py:1843] : [cached since 2260s ago] {}
2025-04-08 23:23:00.187 [base.py:2702] : ROLLBACK
2025-04-08 23:23:00.188 [New_DB_Mointor.py:232] : [实例 41d3cf1e] 检查完成: 2025-04-08 23:23:00.188623, 耗时: 0.216898秒
2025-04-08 23:23:00.189 [New_DB_Mointor.py:257] : [实例 41d3cf1e] 循环 #114 执行耗时: 0.28秒, 将休眠: 19.72秒
2025-04-08 23:23:19.906 [New_DB_Mointor.py:264] : [实例 41d3cf1e] 循环 #114 结束: 2025-04-08 23:23:19, 总耗时: 20.00秒
2025-04-08 23:23:19.907 [New_DB_Mointor.py:245] : [实例 41d3cf1e] 循环 #115 开始: 2025-04-08 23:23:19
2025-04-08 23:23:19.908 [New_DB_Mointor.py:180] : [实例 41d3cf1e] 开始检查: 2025-04-08 23:23:19.908553
2025-04-08 23:23:19.911 [base.py:2699] : BEGIN (implicit)
2025-04-08 23:23:19.917 [base.py:1843] : SELECT count(user_ticket_monitors.monitor_ticket_id) AS count_1 
FROM user_ticket_monitors
2025-04-08 23:23:19.918 [base.py:1843] : [cached since 2280s ago] {}
2025-04-08 23:23:19.921 [base.py:2702] : ROLLBACK
2025-04-08 23:23:19.922 [New_DB_Mointor.py:232] : [实例 41d3cf1e] 检查完成: 2025-04-08 23:23:19.922874, 耗时: 0.014321秒
2025-04-08 23:23:19.923 [New_DB_Mointor.py:257] : [实例 41d3cf1e] 循环 #115 执行耗时: 0.02秒, 将休眠: 19.98秒
2025-04-08 23:23:39.908 [New_DB_Mointor.py:264] : [实例 41d3cf1e] 循环 #115 结束: 2025-04-08 23:23:39, 总耗时: 20.00秒
2025-04-08 23:23:39.909 [New_DB_Mointor.py:245] : [实例 41d3cf1e] 循环 #116 开始: 2025-04-08 23:23:39
2025-04-08 23:23:39.909 [New_DB_Mointor.py:180] : [实例 41d3cf1e] 开始检查: 2025-04-08 23:23:39.909621
2025-04-08 23:23:39.911 [base.py:2699] : BEGIN (implicit)
2025-04-08 23:23:39.921 [base.py:1843] : SELECT count(user_ticket_monitors.monitor_ticket_id) AS count_1 
FROM user_ticket_monitors
2025-04-08 23:23:39.922 [base.py:1843] : [cached since 2300s ago] {}
2025-04-08 23:23:39.925 [base.py:2702] : ROLLBACK
2025-04-08 23:23:39.926 [New_DB_Mointor.py:232] : [实例 41d3cf1e] 检查完成: 2025-04-08 23:23:39.926332, 耗时: 0.016711秒
2025-04-08 23:23:39.926 [New_DB_Mointor.py:257] : [实例 41d3cf1e] 循环 #116 执行耗时: 0.02秒, 将休眠: 19.98秒
2025-04-08 23:23:59.910 [New_DB_Mointor.py:264] : [实例 41d3cf1e] 循环 #116 结束: 2025-04-08 23:23:59, 总耗时: 20.00秒
2025-04-08 23:23:59.913 [New_DB_Mointor.py:245] : [实例 41d3cf1e] 循环 #117 开始: 2025-04-08 23:23:59
2025-04-08 23:23:59.918 [New_DB_Mointor.py:180] : [实例 41d3cf1e] 开始检查: 2025-04-08 23:23:59.918282
2025-04-08 23:23:59.922 [base.py:2699] : BEGIN (implicit)
2025-04-08 23:23:59.925 [base.py:1843] : SELECT count(user_ticket_monitors.monitor_ticket_id) AS count_1 
FROM user_ticket_monitors
2025-04-08 23:23:59.930 [base.py:1843] : [cached since 2320s ago] {}
2025-04-08 23:23:59.934 [base.py:2702] : ROLLBACK
2025-04-08 23:23:59.937 [New_DB_Mointor.py:232] : [实例 41d3cf1e] 检查完成: 2025-04-08 23:23:59.937359, 耗时: 0.019077秒
2025-04-08 23:23:59.938 [New_DB_Mointor.py:257] : [实例 41d3cf1e] 循环 #117 执行耗时: 0.03秒, 将休眠: 19.97秒
2025-04-08 23:24:19.913 [New_DB_Mointor.py:264] : [实例 41d3cf1e] 循环 #117 结束: 2025-04-08 23:24:19, 总耗时: 20.00秒
2025-04-08 23:24:19.914 [New_DB_Mointor.py:245] : [实例 41d3cf1e] 循环 #118 开始: 2025-04-08 23:24:19
2025-04-08 23:24:19.914 [New_DB_Mointor.py:180] : [实例 41d3cf1e] 开始检查: 2025-04-08 23:24:19.914451
2025-04-08 23:24:19.915 [base.py:2699] : BEGIN (implicit)
2025-04-08 23:24:19.916 [base.py:1843] : SELECT count(user_ticket_monitors.monitor_ticket_id) AS count_1 
FROM user_ticket_monitors
2025-04-08 23:24:19.917 [base.py:1843] : [cached since 2340s ago] {}
2025-04-08 23:24:19.919 [base.py:2702] : ROLLBACK
2025-04-08 23:24:19.920 [New_DB_Mointor.py:232] : [实例 41d3cf1e] 检查完成: 2025-04-08 23:24:19.920058, 耗时: 0.005607秒
2025-04-08 23:24:19.920 [New_DB_Mointor.py:257] : [实例 41d3cf1e] 循环 #118 执行耗时: 0.01秒, 将休眠: 19.99秒
2025-04-08 23:24:39.915 [New_DB_Mointor.py:264] : [实例 41d3cf1e] 循环 #118 结束: 2025-04-08 23:24:39, 总耗时: 20.00秒
2025-04-08 23:24:39.915 [New_DB_Mointor.py:245] : [实例 41d3cf1e] 循环 #119 开始: 2025-04-08 23:24:39
2025-04-08 23:24:39.918 [New_DB_Mointor.py:180] : [实例 41d3cf1e] 开始检查: 2025-04-08 23:24:39.918237
2025-04-08 23:24:39.924 [base.py:2699] : BEGIN (implicit)
2025-04-08 23:24:39.926 [base.py:1843] : SELECT count(user_ticket_monitors.monitor_ticket_id) AS count_1 
FROM user_ticket_monitors
2025-04-08 23:24:39.927 [base.py:1843] : [cached since 2360s ago] {}
2025-04-08 23:24:39.931 [base.py:2702] : ROLLBACK
2025-04-08 23:24:39.932 [New_DB_Mointor.py:232] : [实例 41d3cf1e] 检查完成: 2025-04-08 23:24:39.932850, 耗时: 0.014613秒
2025-04-08 23:24:39.933 [New_DB_Mointor.py:257] : [实例 41d3cf1e] 循环 #119 执行耗时: 0.02秒, 将休眠: 19.98秒
2025-04-08 23:24:59.916 [New_DB_Mointor.py:264] : [实例 41d3cf1e] 循环 #119 结束: 2025-04-08 23:24:59, 总耗时: 20.00秒
2025-04-08 23:24:59.917 [New_DB_Mointor.py:245] : [实例 41d3cf1e] 循环 #120 开始: 2025-04-08 23:24:59
2025-04-08 23:24:59.917 [New_DB_Mointor.py:180] : [实例 41d3cf1e] 开始检查: 2025-04-08 23:24:59.917453
2025-04-08 23:24:59.918 [base.py:2699] : BEGIN (implicit)
2025-04-08 23:24:59.920 [base.py:1843] : SELECT count(user_ticket_monitors.monitor_ticket_id) AS count_1 
FROM user_ticket_monitors
2025-04-08 23:24:59.922 [base.py:1843] : [cached since 2380s ago] {}
2025-04-08 23:24:59.925 [base.py:2702] : ROLLBACK
2025-04-08 23:24:59.926 [New_DB_Mointor.py:232] : [实例 41d3cf1e] 检查完成: 2025-04-08 23:24:59.926566, 耗时: 0.009113秒
2025-04-08 23:24:59.927 [New_DB_Mointor.py:257] : [实例 41d3cf1e] 循环 #120 执行耗时: 0.01秒, 将休眠: 19.99秒
2025-04-08 23:25:19.917 [New_DB_Mointor.py:264] : [实例 41d3cf1e] 循环 #120 结束: 2025-04-08 23:25:19, 总耗时: 20.00秒
2025-04-08 23:25:19.918 [New_DB_Mointor.py:245] : [实例 41d3cf1e] 循环 #121 开始: 2025-04-08 23:25:19
2025-04-08 23:25:19.919 [New_DB_Mointor.py:180] : [实例 41d3cf1e] 开始检查: 2025-04-08 23:25:19.918991
2025-04-08 23:25:19.920 [base.py:2699] : BEGIN (implicit)
2025-04-08 23:25:19.921 [base.py:1843] : SELECT count(user_ticket_monitors.monitor_ticket_id) AS count_1 
FROM user_ticket_monitors
2025-04-08 23:25:19.922 [base.py:1843] : [cached since 2400s ago] {}
2025-04-08 23:25:19.924 [base.py:2702] : ROLLBACK
2025-04-08 23:25:19.925 [New_DB_Mointor.py:232] : [实例 41d3cf1e] 检查完成: 2025-04-08 23:25:19.925620, 耗时: 0.006629秒
2025-04-08 23:25:19.926 [New_DB_Mointor.py:257] : [实例 41d3cf1e] 循环 #121 执行耗时: 0.01秒, 将休眠: 19.99秒
2025-04-08 23:25:39.919 [New_DB_Mointor.py:264] : [实例 41d3cf1e] 循环 #121 结束: 2025-04-08 23:25:39, 总耗时: 20.00秒
2025-04-08 23:25:39.919 [New_DB_Mointor.py:245] : [实例 41d3cf1e] 循环 #122 开始: 2025-04-08 23:25:39
2025-04-08 23:25:39.920 [New_DB_Mointor.py:180] : [实例 41d3cf1e] 开始检查: 2025-04-08 23:25:39.919989
2025-04-08 23:25:39.920 [base.py:2699] : BEGIN (implicit)
2025-04-08 23:25:39.921 [base.py:1843] : SELECT count(user_ticket_monitors.monitor_ticket_id) AS count_1 
FROM user_ticket_monitors
2025-04-08 23:25:39.922 [base.py:1843] : [cached since 2420s ago] {}
2025-04-08 23:25:39.923 [base.py:2702] : ROLLBACK
2025-04-08 23:25:39.925 [New_DB_Mointor.py:232] : [实例 41d3cf1e] 检查完成: 2025-04-08 23:25:39.924925, 耗时: 0.004936秒
2025-04-08 23:25:39.925 [New_DB_Mointor.py:257] : [实例 41d3cf1e] 循环 #122 执行耗时: 0.01秒, 将休眠: 19.99秒
2025-04-08 23:25:59.920 [New_DB_Mointor.py:264] : [实例 41d3cf1e] 循环 #122 结束: 2025-04-08 23:25:59, 总耗时: 20.00秒
2025-04-08 23:25:59.920 [New_DB_Mointor.py:245] : [实例 41d3cf1e] 循环 #123 开始: 2025-04-08 23:25:59
2025-04-08 23:25:59.920 [New_DB_Mointor.py:180] : [实例 41d3cf1e] 开始检查: 2025-04-08 23:25:59.920829
2025-04-08 23:25:59.921 [base.py:2699] : BEGIN (implicit)
2025-04-08 23:25:59.922 [base.py:1843] : SELECT count(user_ticket_monitors.monitor_ticket_id) AS count_1 
FROM user_ticket_monitors
2025-04-08 23:25:59.923 [base.py:1843] : [cached since 2440s ago] {}
2025-04-08 23:25:59.924 [base.py:2702] : ROLLBACK
2025-04-08 23:25:59.925 [New_DB_Mointor.py:232] : [实例 41d3cf1e] 检查完成: 2025-04-08 23:25:59.925810, 耗时: 0.004981秒
2025-04-08 23:25:59.926 [New_DB_Mointor.py:257] : [实例 41d3cf1e] 循环 #123 执行耗时: 0.01秒, 将休眠: 19.99秒
2025-04-08 23:26:19.921 [New_DB_Mointor.py:264] : [实例 41d3cf1e] 循环 #123 结束: 2025-04-08 23:26:19, 总耗时: 20.00秒
2025-04-08 23:26:19.922 [New_DB_Mointor.py:245] : [实例 41d3cf1e] 循环 #124 开始: 2025-04-08 23:26:19
2025-04-08 23:26:19.922 [New_DB_Mointor.py:180] : [实例 41d3cf1e] 开始检查: 2025-04-08 23:26:19.922405
2025-04-08 23:26:19.923 [base.py:2699] : BEGIN (implicit)
2025-04-08 23:26:19.924 [base.py:1843] : SELECT count(user_ticket_monitors.monitor_ticket_id) AS count_1 
FROM user_ticket_monitors
2025-04-08 23:26:19.925 [base.py:1843] : [cached since 2460s ago] {}
2025-04-08 23:26:19.926 [base.py:2702] : ROLLBACK
2025-04-08 23:26:19.929 [New_DB_Mointor.py:232] : [实例 41d3cf1e] 检查完成: 2025-04-08 23:26:19.929102, 耗时: 0.006697秒
2025-04-08 23:26:19.929 [New_DB_Mointor.py:257] : [实例 41d3cf1e] 循环 #124 执行耗时: 0.01秒, 将休眠: 19.99秒
2025-04-08 23:26:39.923 [New_DB_Mointor.py:264] : [实例 41d3cf1e] 循环 #124 结束: 2025-04-08 23:26:39, 总耗时: 20.00秒
2025-04-08 23:26:39.923 [New_DB_Mointor.py:245] : [实例 41d3cf1e] 循环 #125 开始: 2025-04-08 23:26:39
2025-04-08 23:26:39.924 [New_DB_Mointor.py:180] : [实例 41d3cf1e] 开始检查: 2025-04-08 23:26:39.924410
2025-04-08 23:26:39.925 [base.py:2699] : BEGIN (implicit)
2025-04-08 23:26:39.926 [base.py:1843] : SELECT count(user_ticket_monitors.monitor_ticket_id) AS count_1 
FROM user_ticket_monitors
2025-04-08 23:26:39.928 [base.py:1843] : [cached since 2480s ago] {}
2025-04-08 23:26:39.930 [base.py:2702] : ROLLBACK
2025-04-08 23:26:39.932 [New_DB_Mointor.py:232] : [实例 41d3cf1e] 检查完成: 2025-04-08 23:26:39.932415, 耗时: 0.008005秒
2025-04-08 23:26:39.933 [New_DB_Mointor.py:257] : [实例 41d3cf1e] 循环 #125 执行耗时: 0.01秒, 将休眠: 19.99秒
2025-04-08 23:26:59.924 [New_DB_Mointor.py:264] : [实例 41d3cf1e] 循环 #125 结束: 2025-04-08 23:26:59, 总耗时: 20.00秒
2025-04-08 23:26:59.925 [New_DB_Mointor.py:245] : [实例 41d3cf1e] 循环 #126 开始: 2025-04-08 23:26:59
2025-04-08 23:26:59.925 [New_DB_Mointor.py:180] : [实例 41d3cf1e] 开始检查: 2025-04-08 23:26:59.925620
2025-04-08 23:26:59.926 [base.py:2699] : BEGIN (implicit)
2025-04-08 23:26:59.928 [base.py:1843] : SELECT count(user_ticket_monitors.monitor_ticket_id) AS count_1 
FROM user_ticket_monitors
2025-04-08 23:26:59.931 [base.py:1843] : [cached since 2500s ago] {}
2025-04-08 23:26:59.933 [base.py:2702] : ROLLBACK
2025-04-08 23:26:59.935 [New_DB_Mointor.py:232] : [实例 41d3cf1e] 检查完成: 2025-04-08 23:26:59.935414, 耗时: 0.009794秒
2025-04-08 23:26:59.935 [New_DB_Mointor.py:257] : [实例 41d3cf1e] 循环 #126 执行耗时: 0.01秒, 将休眠: 19.99秒
2025-04-08 23:27:19.925 [New_DB_Mointor.py:264] : [实例 41d3cf1e] 循环 #126 结束: 2025-04-08 23:27:19, 总耗时: 20.00秒
2025-04-08 23:27:19.926 [New_DB_Mointor.py:245] : [实例 41d3cf1e] 循环 #127 开始: 2025-04-08 23:27:19
2025-04-08 23:27:19.928 [New_DB_Mointor.py:180] : [实例 41d3cf1e] 开始检查: 2025-04-08 23:27:19.927824
2025-04-08 23:27:19.930 [base.py:2699] : BEGIN (implicit)
2025-04-08 23:27:19.931 [base.py:1843] : SELECT count(user_ticket_monitors.monitor_ticket_id) AS count_1 
FROM user_ticket_monitors
2025-04-08 23:27:19.932 [base.py:1843] : [cached since 2520s ago] {}
2025-04-08 23:27:19.934 [base.py:2702] : ROLLBACK
2025-04-08 23:27:19.936 [New_DB_Mointor.py:232] : [实例 41d3cf1e] 检查完成: 2025-04-08 23:27:19.935995, 耗时: 0.008171秒
2025-04-08 23:27:19.936 [New_DB_Mointor.py:257] : [实例 41d3cf1e] 循环 #127 执行耗时: 0.01秒, 将休眠: 19.99秒
2025-04-08 23:27:39.929 [New_DB_Mointor.py:264] : [实例 41d3cf1e] 循环 #127 结束: 2025-04-08 23:27:39, 总耗时: 20.00秒
2025-04-08 23:27:39.931 [New_DB_Mointor.py:245] : [实例 41d3cf1e] 循环 #128 开始: 2025-04-08 23:27:39
2025-04-08 23:27:39.932 [New_DB_Mointor.py:180] : [实例 41d3cf1e] 开始检查: 2025-04-08 23:27:39.932306
2025-04-08 23:27:39.933 [base.py:2699] : BEGIN (implicit)
2025-04-08 23:27:39.934 [base.py:1843] : SELECT count(user_ticket_monitors.monitor_ticket_id) AS count_1 
FROM user_ticket_monitors
2025-04-08 23:27:39.935 [base.py:1843] : [cached since 2540s ago] {}
2025-04-08 23:27:39.937 [base.py:2702] : ROLLBACK
2025-04-08 23:27:39.938 [New_DB_Mointor.py:232] : [实例 41d3cf1e] 检查完成: 2025-04-08 23:27:39.938416, 耗时: 0.00611秒
2025-04-08 23:27:39.939 [New_DB_Mointor.py:257] : [实例 41d3cf1e] 循环 #128 执行耗时: 0.01秒, 将休眠: 19.99秒
2025-04-08 23:27:59.932 [New_DB_Mointor.py:264] : [实例 41d3cf1e] 循环 #128 结束: 2025-04-08 23:27:59, 总耗时: 20.00秒
2025-04-08 23:27:59.933 [New_DB_Mointor.py:245] : [实例 41d3cf1e] 循环 #129 开始: 2025-04-08 23:27:59
2025-04-08 23:27:59.933 [New_DB_Mointor.py:180] : [实例 41d3cf1e] 开始检查: 2025-04-08 23:27:59.933498
2025-04-08 23:27:59.934 [base.py:2699] : BEGIN (implicit)
2025-04-08 23:27:59.936 [base.py:1843] : SELECT count(user_ticket_monitors.monitor_ticket_id) AS count_1 
FROM user_ticket_monitors
2025-04-08 23:27:59.937 [base.py:1843] : [cached since 2560s ago] {}
2025-04-08 23:27:59.941 [base.py:2702] : ROLLBACK
2025-04-08 23:27:59.951 [New_DB_Mointor.py:232] : [实例 41d3cf1e] 检查完成: 2025-04-08 23:27:59.951274, 耗时: 0.017776秒
2025-04-08 23:27:59.951 [New_DB_Mointor.py:257] : [实例 41d3cf1e] 循环 #129 执行耗时: 0.02秒, 将休眠: 19.98秒
2025-04-08 23:28:19.934 [New_DB_Mointor.py:264] : [实例 41d3cf1e] 循环 #129 结束: 2025-04-08 23:28:19, 总耗时: 20.00秒
2025-04-08 23:28:19.935 [New_DB_Mointor.py:245] : [实例 41d3cf1e] 循环 #130 开始: 2025-04-08 23:28:19
2025-04-08 23:28:19.935 [New_DB_Mointor.py:180] : [实例 41d3cf1e] 开始检查: 2025-04-08 23:28:19.935831
2025-04-08 23:28:19.937 [base.py:2699] : BEGIN (implicit)
2025-04-08 23:28:19.938 [base.py:1843] : SELECT count(user_ticket_monitors.monitor_ticket_id) AS count_1 
FROM user_ticket_monitors
2025-04-08 23:28:19.939 [base.py:1843] : [cached since 2580s ago] {}
2025-04-08 23:28:19.941 [base.py:2702] : ROLLBACK
2025-04-08 23:28:19.942 [New_DB_Mointor.py:232] : [实例 41d3cf1e] 检查完成: 2025-04-08 23:28:19.942408, 耗时: 0.006577秒
2025-04-08 23:28:19.944 [New_DB_Mointor.py:257] : [实例 41d3cf1e] 循环 #130 执行耗时: 0.01秒, 将休眠: 19.99秒
2025-04-08 23:28:39.936 [New_DB_Mointor.py:264] : [实例 41d3cf1e] 循环 #130 结束: 2025-04-08 23:28:39, 总耗时: 20.00秒
2025-04-08 23:28:39.937 [New_DB_Mointor.py:245] : [实例 41d3cf1e] 循环 #131 开始: 2025-04-08 23:28:39
2025-04-08 23:28:39.937 [New_DB_Mointor.py:180] : [实例 41d3cf1e] 开始检查: 2025-04-08 23:28:39.937530
2025-04-08 23:28:39.938 [base.py:2699] : BEGIN (implicit)
2025-04-08 23:28:39.939 [base.py:1843] : SELECT count(user_ticket_monitors.monitor_ticket_id) AS count_1 
FROM user_ticket_monitors
2025-04-08 23:28:39.940 [base.py:1843] : [cached since 2600s ago] {}
2025-04-08 23:28:39.942 [base.py:2702] : ROLLBACK
2025-04-08 23:28:39.946 [New_DB_Mointor.py:232] : [实例 41d3cf1e] 检查完成: 2025-04-08 23:28:39.946167, 耗时: 0.008637秒
2025-04-08 23:28:39.947 [New_DB_Mointor.py:257] : [实例 41d3cf1e] 循环 #131 执行耗时: 0.01秒, 将休眠: 19.99秒
2025-04-08 23:28:59.938 [New_DB_Mointor.py:264] : [实例 41d3cf1e] 循环 #131 结束: 2025-04-08 23:28:59, 总耗时: 20.00秒
2025-04-08 23:28:59.938 [New_DB_Mointor.py:245] : [实例 41d3cf1e] 循环 #132 开始: 2025-04-08 23:28:59
2025-04-08 23:28:59.939 [New_DB_Mointor.py:180] : [实例 41d3cf1e] 开始检查: 2025-04-08 23:28:59.939160
2025-04-08 23:28:59.940 [base.py:2699] : BEGIN (implicit)
2025-04-08 23:28:59.941 [base.py:1843] : SELECT count(user_ticket_monitors.monitor_ticket_id) AS count_1 
FROM user_ticket_monitors
2025-04-08 23:28:59.943 [base.py:1843] : [cached since 2620s ago] {}
2025-04-08 23:28:59.944 [base.py:2702] : ROLLBACK
2025-04-08 23:28:59.945 [New_DB_Mointor.py:232] : [实例 41d3cf1e] 检查完成: 2025-04-08 23:28:59.945854, 耗时: 0.006694秒
2025-04-08 23:28:59.946 [New_DB_Mointor.py:257] : [实例 41d3cf1e] 循环 #132 执行耗时: 0.01秒, 将休眠: 19.99秒
2025-04-08 23:29:19.939 [New_DB_Mointor.py:264] : [实例 41d3cf1e] 循环 #132 结束: 2025-04-08 23:29:19, 总耗时: 20.00秒
2025-04-08 23:29:19.940 [New_DB_Mointor.py:245] : [实例 41d3cf1e] 循环 #133 开始: 2025-04-08 23:29:19
2025-04-08 23:29:19.940 [New_DB_Mointor.py:180] : [实例 41d3cf1e] 开始检查: 2025-04-08 23:29:19.940762
2025-04-08 23:29:19.941 [base.py:2699] : BEGIN (implicit)
2025-04-08 23:29:19.944 [base.py:1843] : SELECT count(user_ticket_monitors.monitor_ticket_id) AS count_1 
FROM user_ticket_monitors
2025-04-08 23:29:19.944 [base.py:1843] : [cached since 2640s ago] {}
2025-04-08 23:29:19.946 [base.py:2702] : ROLLBACK
2025-04-08 23:29:19.948 [New_DB_Mointor.py:232] : [实例 41d3cf1e] 检查完成: 2025-04-08 23:29:19.948144, 耗时: 0.007382秒
2025-04-08 23:29:19.948 [New_DB_Mointor.py:257] : [实例 41d3cf1e] 循环 #133 执行耗时: 0.01秒, 将休眠: 19.99秒
2025-04-08 23:29:39.942 [New_DB_Mointor.py:264] : [实例 41d3cf1e] 循环 #133 结束: 2025-04-08 23:29:39, 总耗时: 20.00秒
2025-04-08 23:29:39.943 [New_DB_Mointor.py:245] : [实例 41d3cf1e] 循环 #134 开始: 2025-04-08 23:29:39
2025-04-08 23:29:39.943 [New_DB_Mointor.py:180] : [实例 41d3cf1e] 开始检查: 2025-04-08 23:29:39.943559
2025-04-08 23:29:39.944 [base.py:2699] : BEGIN (implicit)
2025-04-08 23:29:39.945 [base.py:1843] : SELECT count(user_ticket_monitors.monitor_ticket_id) AS count_1 
FROM user_ticket_monitors
2025-04-08 23:29:39.946 [base.py:1843] : [cached since 2660s ago] {}
2025-04-08 23:29:39.947 [base.py:2702] : ROLLBACK
2025-04-08 23:29:39.949 [New_DB_Mointor.py:232] : [实例 41d3cf1e] 检查完成: 2025-04-08 23:29:39.948963, 耗时: 0.005404秒
2025-04-08 23:29:39.949 [New_DB_Mointor.py:257] : [实例 41d3cf1e] 循环 #134 执行耗时: 0.01秒, 将休眠: 19.99秒
2025-04-08 23:29:59.944 [New_DB_Mointor.py:264] : [实例 41d3cf1e] 循环 #134 结束: 2025-04-08 23:29:59, 总耗时: 20.00秒
2025-04-08 23:29:59.944 [New_DB_Mointor.py:245] : [实例 41d3cf1e] 循环 #135 开始: 2025-04-08 23:29:59
2025-04-08 23:29:59.945 [New_DB_Mointor.py:180] : [实例 41d3cf1e] 开始检查: 2025-04-08 23:29:59.945211
2025-04-08 23:29:59.946 [base.py:2699] : BEGIN (implicit)
2025-04-08 23:29:59.947 [base.py:1843] : SELECT count(user_ticket_monitors.monitor_ticket_id) AS count_1 
FROM user_ticket_monitors
2025-04-08 23:29:59.948 [base.py:1843] : [cached since 2680s ago] {}
2025-04-08 23:29:59.949 [base.py:2702] : ROLLBACK
2025-04-08 23:29:59.950 [New_DB_Mointor.py:232] : [实例 41d3cf1e] 检查完成: 2025-04-08 23:29:59.950624, 耗时: 0.005413秒
2025-04-08 23:29:59.951 [New_DB_Mointor.py:257] : [实例 41d3cf1e] 循环 #135 执行耗时: 0.01秒, 将休眠: 19.99秒
2025-04-08 23:30:19.946 [New_DB_Mointor.py:264] : [实例 41d3cf1e] 循环 #135 结束: 2025-04-08 23:30:19, 总耗时: 20.00秒
2025-04-08 23:30:19.946 [New_DB_Mointor.py:245] : [实例 41d3cf1e] 循环 #136 开始: 2025-04-08 23:30:19
2025-04-08 23:30:19.947 [New_DB_Mointor.py:180] : [实例 41d3cf1e] 开始检查: 2025-04-08 23:30:19.947018
2025-04-08 23:30:19.948 [base.py:2699] : BEGIN (implicit)
2025-04-08 23:30:19.949 [base.py:1843] : SELECT count(user_ticket_monitors.monitor_ticket_id) AS count_1 
FROM user_ticket_monitors
2025-04-08 23:30:19.950 [base.py:1843] : [cached since 2700s ago] {}
2025-04-08 23:30:19.951 [base.py:2702] : ROLLBACK
2025-04-08 23:30:19.953 [New_DB_Mointor.py:232] : [实例 41d3cf1e] 检查完成: 2025-04-08 23:30:19.953124, 耗时: 0.006106秒
2025-04-08 23:30:19.953 [New_DB_Mointor.py:257] : [实例 41d3cf1e] 循环 #136 执行耗时: 0.01秒, 将休眠: 19.99秒
2025-04-08 23:30:39.948 [New_DB_Mointor.py:264] : [实例 41d3cf1e] 循环 #136 结束: 2025-04-08 23:30:39, 总耗时: 20.00秒
2025-04-08 23:30:39.948 [New_DB_Mointor.py:245] : [实例 41d3cf1e] 循环 #137 开始: 2025-04-08 23:30:39
2025-04-08 23:30:39.949 [New_DB_Mointor.py:180] : [实例 41d3cf1e] 开始检查: 2025-04-08 23:30:39.949036
2025-04-08 23:30:39.950 [base.py:2699] : BEGIN (implicit)
2025-04-08 23:30:39.951 [base.py:1843] : SELECT count(user_ticket_monitors.monitor_ticket_id) AS count_1 
FROM user_ticket_monitors
2025-04-08 23:30:39.952 [base.py:1843] : [cached since 2720s ago] {}
2025-04-08 23:30:39.954 [base.py:2702] : ROLLBACK
2025-04-08 23:30:39.955 [New_DB_Mointor.py:232] : [实例 41d3cf1e] 检查完成: 2025-04-08 23:30:39.955210, 耗时: 0.006174秒
2025-04-08 23:30:39.955 [New_DB_Mointor.py:257] : [实例 41d3cf1e] 循环 #137 执行耗时: 0.01秒, 将休眠: 19.99秒
2025-04-08 23:30:59.949 [New_DB_Mointor.py:264] : [实例 41d3cf1e] 循环 #137 结束: 2025-04-08 23:30:59, 总耗时: 20.00秒
2025-04-08 23:30:59.949 [New_DB_Mointor.py:245] : [实例 41d3cf1e] 循环 #138 开始: 2025-04-08 23:30:59
2025-04-08 23:30:59.950 [New_DB_Mointor.py:180] : [实例 41d3cf1e] 开始检查: 2025-04-08 23:30:59.950338
2025-04-08 23:30:59.951 [base.py:2699] : BEGIN (implicit)
2025-04-08 23:30:59.952 [base.py:1843] : SELECT count(user_ticket_monitors.monitor_ticket_id) AS count_1 
FROM user_ticket_monitors
2025-04-08 23:30:59.953 [base.py:1843] : [cached since 2740s ago] {}
2025-04-08 23:30:59.955 [base.py:2702] : ROLLBACK
2025-04-08 23:30:59.956 [New_DB_Mointor.py:232] : [实例 41d3cf1e] 检查完成: 2025-04-08 23:30:59.956284, 耗时: 0.005946秒
2025-04-08 23:30:59.957 [New_DB_Mointor.py:257] : [实例 41d3cf1e] 循环 #138 执行耗时: 0.01秒, 将休眠: 19.99秒
2025-04-08 23:31:19.950 [New_DB_Mointor.py:264] : [实例 41d3cf1e] 循环 #138 结束: 2025-04-08 23:31:19, 总耗时: 20.00秒
2025-04-08 23:31:19.951 [New_DB_Mointor.py:245] : [实例 41d3cf1e] 循环 #139 开始: 2025-04-08 23:31:19
2025-04-08 23:31:19.951 [New_DB_Mointor.py:180] : [实例 41d3cf1e] 开始检查: 2025-04-08 23:31:19.951925
2025-04-08 23:31:19.954 [base.py:2699] : BEGIN (implicit)
2025-04-08 23:31:19.955 [base.py:1843] : SELECT count(user_ticket_monitors.monitor_ticket_id) AS count_1 
FROM user_ticket_monitors
2025-04-08 23:31:19.956 [base.py:1843] : [cached since 2760s ago] {}
2025-04-08 23:31:19.958 [base.py:2702] : ROLLBACK
2025-04-08 23:31:19.959 [New_DB_Mointor.py:232] : [实例 41d3cf1e] 检查完成: 2025-04-08 23:31:19.959698, 耗时: 0.007773秒
2025-04-08 23:31:19.960 [New_DB_Mointor.py:257] : [实例 41d3cf1e] 循环 #139 执行耗时: 0.01秒, 将休眠: 19.99秒
2025-04-08 23:31:39.951 [New_DB_Mointor.py:264] : [实例 41d3cf1e] 循环 #139 结束: 2025-04-08 23:31:39, 总耗时: 20.00秒
2025-04-08 23:31:39.952 [New_DB_Mointor.py:245] : [实例 41d3cf1e] 循环 #140 开始: 2025-04-08 23:31:39
2025-04-08 23:31:39.952 [New_DB_Mointor.py:180] : [实例 41d3cf1e] 开始检查: 2025-04-08 23:31:39.952801
2025-04-08 23:31:39.953 [base.py:2699] : BEGIN (implicit)
2025-04-08 23:31:39.955 [base.py:1843] : SELECT count(user_ticket_monitors.monitor_ticket_id) AS count_1 
FROM user_ticket_monitors
2025-04-08 23:31:39.956 [base.py:1843] : [cached since 2780s ago] {}
2025-04-08 23:31:39.958 [base.py:2702] : ROLLBACK
2025-04-08 23:31:39.959 [New_DB_Mointor.py:232] : [实例 41d3cf1e] 检查完成: 2025-04-08 23:31:39.959864, 耗时: 0.007063秒
2025-04-08 23:31:39.960 [New_DB_Mointor.py:257] : [实例 41d3cf1e] 循环 #140 执行耗时: 0.01秒, 将休眠: 19.99秒
2025-04-08 23:31:59.953 [New_DB_Mointor.py:264] : [实例 41d3cf1e] 循环 #140 结束: 2025-04-08 23:31:59, 总耗时: 20.00秒
2025-04-08 23:31:59.954 [New_DB_Mointor.py:245] : [实例 41d3cf1e] 循环 #141 开始: 2025-04-08 23:31:59
2025-04-08 23:31:59.954 [New_DB_Mointor.py:180] : [实例 41d3cf1e] 开始检查: 2025-04-08 23:31:59.954559
2025-04-08 23:31:59.955 [base.py:2699] : BEGIN (implicit)
2025-04-08 23:31:59.956 [base.py:1843] : SELECT count(user_ticket_monitors.monitor_ticket_id) AS count_1 
FROM user_ticket_monitors
2025-04-08 23:31:59.957 [base.py:1843] : [cached since 2800s ago] {}
2025-04-08 23:31:59.960 [base.py:2702] : ROLLBACK
2025-04-08 23:31:59.961 [New_DB_Mointor.py:232] : [实例 41d3cf1e] 检查完成: 2025-04-08 23:31:59.961729, 耗时: 0.00717秒
2025-04-08 23:31:59.962 [New_DB_Mointor.py:257] : [实例 41d3cf1e] 循环 #141 执行耗时: 0.01秒, 将休眠: 19.99秒
2025-04-08 23:32:19.955 [New_DB_Mointor.py:264] : [实例 41d3cf1e] 循环 #141 结束: 2025-04-08 23:32:19, 总耗时: 20.00秒
2025-04-08 23:32:19.955 [New_DB_Mointor.py:245] : [实例 41d3cf1e] 循环 #142 开始: 2025-04-08 23:32:19
2025-04-08 23:32:19.956 [New_DB_Mointor.py:180] : [实例 41d3cf1e] 开始检查: 2025-04-08 23:32:19.956228
2025-04-08 23:32:19.957 [base.py:2699] : BEGIN (implicit)
2025-04-08 23:32:19.959 [base.py:1843] : SELECT count(user_ticket_monitors.monitor_ticket_id) AS count_1 
FROM user_ticket_monitors
2025-04-08 23:32:19.960 [base.py:1843] : [cached since 2820s ago] {}
2025-04-08 23:32:19.961 [base.py:2702] : ROLLBACK
2025-04-08 23:32:19.963 [New_DB_Mointor.py:232] : [实例 41d3cf1e] 检查完成: 2025-04-08 23:32:19.963091, 耗时: 0.006863秒
2025-04-08 23:32:19.963 [New_DB_Mointor.py:257] : [实例 41d3cf1e] 循环 #142 执行耗时: 0.01秒, 将休眠: 19.99秒
2025-04-08 23:32:39.956 [New_DB_Mointor.py:264] : [实例 41d3cf1e] 循环 #142 结束: 2025-04-08 23:32:39, 总耗时: 20.00秒
2025-04-08 23:32:39.958 [New_DB_Mointor.py:245] : [实例 41d3cf1e] 循环 #143 开始: 2025-04-08 23:32:39
2025-04-08 23:32:39.959 [New_DB_Mointor.py:180] : [实例 41d3cf1e] 开始检查: 2025-04-08 23:32:39.959142
2025-04-08 23:32:39.960 [base.py:2699] : BEGIN (implicit)
2025-04-08 23:32:39.961 [base.py:1843] : SELECT count(user_ticket_monitors.monitor_ticket_id) AS count_1 
FROM user_ticket_monitors
2025-04-08 23:32:39.962 [base.py:1843] : [cached since 2840s ago] {}
2025-04-08 23:32:39.963 [base.py:2702] : ROLLBACK
2025-04-08 23:32:39.965 [New_DB_Mointor.py:232] : [实例 41d3cf1e] 检查完成: 2025-04-08 23:32:39.965015, 耗时: 0.005873秒
2025-04-08 23:32:39.965 [New_DB_Mointor.py:257] : [实例 41d3cf1e] 循环 #143 执行耗时: 0.01秒, 将休眠: 19.99秒
2025-04-08 23:32:59.960 [New_DB_Mointor.py:264] : [实例 41d3cf1e] 循环 #143 结束: 2025-04-08 23:32:59, 总耗时: 20.00秒
2025-04-08 23:32:59.960 [New_DB_Mointor.py:245] : [实例 41d3cf1e] 循环 #144 开始: 2025-04-08 23:32:59
2025-04-08 23:32:59.961 [New_DB_Mointor.py:180] : [实例 41d3cf1e] 开始检查: 2025-04-08 23:32:59.961280
2025-04-08 23:32:59.962 [base.py:2699] : BEGIN (implicit)
2025-04-08 23:32:59.963 [base.py:1843] : SELECT count(user_ticket_monitors.monitor_ticket_id) AS count_1 
FROM user_ticket_monitors
2025-04-08 23:32:59.964 [base.py:1843] : [cached since 2860s ago] {}
2025-04-08 23:32:59.965 [base.py:2702] : ROLLBACK
2025-04-08 23:32:59.967 [New_DB_Mointor.py:232] : [实例 41d3cf1e] 检查完成: 2025-04-08 23:32:59.966926, 耗时: 0.005646秒
2025-04-08 23:32:59.967 [New_DB_Mointor.py:257] : [实例 41d3cf1e] 循环 #144 执行耗时: 0.01秒, 将休眠: 19.99秒
2025-04-08 23:33:19.961 [New_DB_Mointor.py:264] : [实例 41d3cf1e] 循环 #144 结束: 2025-04-08 23:33:19, 总耗时: 20.00秒
2025-04-08 23:33:19.962 [New_DB_Mointor.py:245] : [实例 41d3cf1e] 循环 #145 开始: 2025-04-08 23:33:19
2025-04-08 23:33:19.963 [New_DB_Mointor.py:180] : [实例 41d3cf1e] 开始检查: 2025-04-08 23:33:19.963260
2025-04-08 23:33:19.964 [base.py:2699] : BEGIN (implicit)
2025-04-08 23:33:19.965 [base.py:1843] : SELECT count(user_ticket_monitors.monitor_ticket_id) AS count_1 
FROM user_ticket_monitors
2025-04-08 23:33:19.966 [base.py:1843] : [cached since 2880s ago] {}
2025-04-08 23:33:19.967 [base.py:2702] : ROLLBACK
2025-04-08 23:33:19.969 [New_DB_Mointor.py:232] : [实例 41d3cf1e] 检查完成: 2025-04-08 23:33:19.969027, 耗时: 0.005767秒
2025-04-08 23:33:19.969 [New_DB_Mointor.py:257] : [实例 41d3cf1e] 循环 #145 执行耗时: 0.01秒, 将休眠: 19.99秒
2025-04-08 23:33:39.963 [New_DB_Mointor.py:264] : [实例 41d3cf1e] 循环 #145 结束: 2025-04-08 23:33:39, 总耗时: 20.00秒
2025-04-08 23:33:39.963 [New_DB_Mointor.py:245] : [实例 41d3cf1e] 循环 #146 开始: 2025-04-08 23:33:39
2025-04-08 23:33:39.964 [New_DB_Mointor.py:180] : [实例 41d3cf1e] 开始检查: 2025-04-08 23:33:39.964078
2025-04-08 23:33:39.965 [base.py:2699] : BEGIN (implicit)
2025-04-08 23:33:39.966 [base.py:1843] : SELECT count(user_ticket_monitors.monitor_ticket_id) AS count_1 
FROM user_ticket_monitors
2025-04-08 23:33:39.966 [base.py:1843] : [cached since 2900s ago] {}
2025-04-08 23:33:39.968 [base.py:2702] : ROLLBACK
2025-04-08 23:33:39.969 [New_DB_Mointor.py:232] : [实例 41d3cf1e] 检查完成: 2025-04-08 23:33:39.968994, 耗时: 0.004916秒
2025-04-08 23:33:39.969 [New_DB_Mointor.py:257] : [实例 41d3cf1e] 循环 #146 执行耗时: 0.01秒, 将休眠: 19.99秒
2025-04-08 23:33:59.964 [New_DB_Mointor.py:264] : [实例 41d3cf1e] 循环 #146 结束: 2025-04-08 23:33:59, 总耗时: 20.00秒
2025-04-08 23:33:59.965 [New_DB_Mointor.py:245] : [实例 41d3cf1e] 循环 #147 开始: 2025-04-08 23:33:59
2025-04-08 23:33:59.965 [New_DB_Mointor.py:180] : [实例 41d3cf1e] 开始检查: 2025-04-08 23:33:59.965784
2025-04-08 23:33:59.967 [base.py:2699] : BEGIN (implicit)
2025-04-08 23:33:59.968 [base.py:1843] : SELECT count(user_ticket_monitors.monitor_ticket_id) AS count_1 
FROM user_ticket_monitors
2025-04-08 23:33:59.969 [base.py:1843] : [cached since 2920s ago] {}
2025-04-08 23:33:59.970 [base.py:2702] : ROLLBACK
2025-04-08 23:33:59.972 [New_DB_Mointor.py:232] : [实例 41d3cf1e] 检查完成: 2025-04-08 23:33:59.972089, 耗时: 0.006305秒
2025-04-08 23:33:59.972 [New_DB_Mointor.py:257] : [实例 41d3cf1e] 循环 #147 执行耗时: 0.01秒, 将休眠: 19.99秒
2025-04-08 23:34:19.966 [New_DB_Mointor.py:264] : [实例 41d3cf1e] 循环 #147 结束: 2025-04-08 23:34:19, 总耗时: 20.00秒
2025-04-08 23:34:19.967 [New_DB_Mointor.py:245] : [实例 41d3cf1e] 循环 #148 开始: 2025-04-08 23:34:19
2025-04-08 23:34:19.967 [New_DB_Mointor.py:180] : [实例 41d3cf1e] 开始检查: 2025-04-08 23:34:19.967411
2025-04-08 23:34:19.968 [base.py:2699] : BEGIN (implicit)
2025-04-08 23:34:19.969 [base.py:1843] : SELECT count(user_ticket_monitors.monitor_ticket_id) AS count_1 
FROM user_ticket_monitors
2025-04-08 23:34:19.970 [base.py:1843] : [cached since 2940s ago] {}
2025-04-08 23:34:19.972 [base.py:2702] : ROLLBACK
2025-04-08 23:34:19.973 [New_DB_Mointor.py:232] : [实例 41d3cf1e] 检查完成: 2025-04-08 23:34:19.973666, 耗时: 0.006255秒
2025-04-08 23:34:19.974 [New_DB_Mointor.py:257] : [实例 41d3cf1e] 循环 #148 执行耗时: 0.01秒, 将休眠: 19.99秒
2025-04-08 23:34:39.968 [New_DB_Mointor.py:264] : [实例 41d3cf1e] 循环 #148 结束: 2025-04-08 23:34:39, 总耗时: 20.00秒
2025-04-08 23:34:39.969 [New_DB_Mointor.py:245] : [实例 41d3cf1e] 循环 #149 开始: 2025-04-08 23:34:39
2025-04-08 23:34:39.970 [New_DB_Mointor.py:180] : [实例 41d3cf1e] 开始检查: 2025-04-08 23:34:39.970423
2025-04-08 23:34:39.981 [base.py:2699] : BEGIN (implicit)
2025-04-08 23:34:39.983 [base.py:1843] : SELECT count(user_ticket_monitors.monitor_ticket_id) AS count_1 
FROM user_ticket_monitors
2025-04-08 23:34:39.983 [base.py:1843] : [cached since 2960s ago] {}
2025-04-08 23:34:39.985 [base.py:2702] : ROLLBACK
2025-04-08 23:34:39.986 [New_DB_Mointor.py:232] : [实例 41d3cf1e] 检查完成: 2025-04-08 23:34:39.986918, 耗时: 0.016495秒
2025-04-08 23:34:39.987 [New_DB_Mointor.py:257] : [实例 41d3cf1e] 循环 #149 执行耗时: 0.02秒, 将休眠: 19.98秒
2025-04-08 23:34:59.970 [New_DB_Mointor.py:264] : [实例 41d3cf1e] 循环 #149 结束: 2025-04-08 23:34:59, 总耗时: 20.00秒
2025-04-08 23:34:59.971 [New_DB_Mointor.py:245] : [实例 41d3cf1e] 循环 #150 开始: 2025-04-08 23:34:59
2025-04-08 23:34:59.971 [New_DB_Mointor.py:180] : [实例 41d3cf1e] 开始检查: 2025-04-08 23:34:59.971722
2025-04-08 23:34:59.972 [base.py:2699] : BEGIN (implicit)
2025-04-08 23:34:59.976 [base.py:1843] : SELECT count(user_ticket_monitors.monitor_ticket_id) AS count_1 
FROM user_ticket_monitors
2025-04-08 23:34:59.977 [base.py:1843] : [cached since 2980s ago] {}
2025-04-08 23:34:59.979 [base.py:2702] : ROLLBACK
2025-04-08 23:34:59.980 [New_DB_Mointor.py:232] : [实例 41d3cf1e] 检查完成: 2025-04-08 23:34:59.980360, 耗时: 0.008638秒
2025-04-08 23:34:59.980 [New_DB_Mointor.py:257] : [实例 41d3cf1e] 循环 #150 执行耗时: 0.01秒, 将休眠: 19.99秒
2025-04-08 23:35:19.974 [New_DB_Mointor.py:264] : [实例 41d3cf1e] 循环 #150 结束: 2025-04-08 23:35:19, 总耗时: 20.00秒
2025-04-08 23:35:19.976 [New_DB_Mointor.py:245] : [实例 41d3cf1e] 循环 #151 开始: 2025-04-08 23:35:19
2025-04-08 23:35:19.976 [New_DB_Mointor.py:180] : [实例 41d3cf1e] 开始检查: 2025-04-08 23:35:19.976852
2025-04-08 23:35:19.978 [base.py:2699] : BEGIN (implicit)
2025-04-08 23:35:19.981 [base.py:1843] : SELECT count(user_ticket_monitors.monitor_ticket_id) AS count_1 
FROM user_ticket_monitors
2025-04-08 23:35:19.987 [base.py:1843] : [cached since 3000s ago] {}
2025-04-08 23:35:20.002 [base.py:2702] : ROLLBACK
2025-04-08 23:35:20.003 [New_DB_Mointor.py:232] : [实例 41d3cf1e] 检查完成: 2025-04-08 23:35:20.003498, 耗时: 0.026646秒
2025-04-08 23:35:20.004 [New_DB_Mointor.py:257] : [实例 41d3cf1e] 循环 #151 执行耗时: 0.03秒, 将休眠: 19.97秒
2025-04-08 23:35:39.977 [New_DB_Mointor.py:264] : [实例 41d3cf1e] 循环 #151 结束: 2025-04-08 23:35:39, 总耗时: 20.00秒
2025-04-08 23:35:39.978 [New_DB_Mointor.py:245] : [实例 41d3cf1e] 循环 #152 开始: 2025-04-08 23:35:39
2025-04-08 23:35:39.979 [New_DB_Mointor.py:180] : [实例 41d3cf1e] 开始检查: 2025-04-08 23:35:39.979851
2025-04-08 23:35:39.981 [base.py:2699] : BEGIN (implicit)
2025-04-08 23:35:39.982 [base.py:1843] : SELECT count(user_ticket_monitors.monitor_ticket_id) AS count_1 
FROM user_ticket_monitors
2025-04-08 23:35:39.983 [base.py:1843] : [cached since 3020s ago] {}
2025-04-08 23:35:39.984 [base.py:2702] : ROLLBACK
2025-04-08 23:35:39.985 [New_DB_Mointor.py:232] : [实例 41d3cf1e] 检查完成: 2025-04-08 23:35:39.985558, 耗时: 0.005707秒
2025-04-08 23:35:39.986 [New_DB_Mointor.py:257] : [实例 41d3cf1e] 循环 #152 执行耗时: 0.01秒, 将休眠: 19.99秒
2025-04-08 23:35:59.979 [New_DB_Mointor.py:264] : [实例 41d3cf1e] 循环 #152 结束: 2025-04-08 23:35:59, 总耗时: 20.00秒
2025-04-08 23:35:59.980 [New_DB_Mointor.py:245] : [实例 41d3cf1e] 循环 #153 开始: 2025-04-08 23:35:59
2025-04-08 23:35:59.980 [New_DB_Mointor.py:180] : [实例 41d3cf1e] 开始检查: 2025-04-08 23:35:59.980748
2025-04-08 23:35:59.981 [base.py:2699] : BEGIN (implicit)
2025-04-08 23:35:59.982 [base.py:1843] : SELECT count(user_ticket_monitors.monitor_ticket_id) AS count_1 
FROM user_ticket_monitors
2025-04-08 23:35:59.983 [base.py:1843] : [cached since 3040s ago] {}
2025-04-08 23:35:59.984 [base.py:2702] : ROLLBACK
2025-04-08 23:35:59.985 [New_DB_Mointor.py:232] : [实例 41d3cf1e] 检查完成: 2025-04-08 23:35:59.985646, 耗时: 0.004898秒
2025-04-08 23:35:59.986 [New_DB_Mointor.py:257] : [实例 41d3cf1e] 循环 #153 执行耗时: 0.01秒, 将休眠: 19.99秒
2025-04-08 23:36:19.981 [New_DB_Mointor.py:264] : [实例 41d3cf1e] 循环 #153 结束: 2025-04-08 23:36:19, 总耗时: 20.00秒
2025-04-08 23:36:19.981 [New_DB_Mointor.py:245] : [实例 41d3cf1e] 循环 #154 开始: 2025-04-08 23:36:19
2025-04-08 23:36:19.982 [New_DB_Mointor.py:180] : [实例 41d3cf1e] 开始检查: 2025-04-08 23:36:19.982765
2025-04-08 23:36:19.983 [base.py:2699] : BEGIN (implicit)
2025-04-08 23:36:19.984 [base.py:1843] : SELECT count(user_ticket_monitors.monitor_ticket_id) AS count_1 
FROM user_ticket_monitors
2025-04-08 23:36:19.985 [base.py:1843] : [cached since 3060s ago] {}
2025-04-08 23:36:19.989 [base.py:2702] : ROLLBACK
2025-04-08 23:36:19.990 [New_DB_Mointor.py:232] : [实例 41d3cf1e] 检查完成: 2025-04-08 23:36:19.990390, 耗时: 0.007625秒
2025-04-08 23:36:19.990 [New_DB_Mointor.py:257] : [实例 41d3cf1e] 循环 #154 执行耗时: 0.01秒, 将休眠: 19.99秒
2025-04-08 23:36:39.982 [New_DB_Mointor.py:264] : [实例 41d3cf1e] 循环 #154 结束: 2025-04-08 23:36:39, 总耗时: 20.00秒
2025-04-08 23:36:39.983 [New_DB_Mointor.py:245] : [实例 41d3cf1e] 循环 #155 开始: 2025-04-08 23:36:39
2025-04-08 23:36:39.983 [New_DB_Mointor.py:180] : [实例 41d3cf1e] 开始检查: 2025-04-08 23:36:39.983736
2025-04-08 23:36:39.985 [base.py:2699] : BEGIN (implicit)
2025-04-08 23:36:39.986 [base.py:1843] : SELECT count(user_ticket_monitors.monitor_ticket_id) AS count_1 
FROM user_ticket_monitors
2025-04-08 23:36:39.986 [base.py:1843] : [cached since 3080s ago] {}
2025-04-08 23:36:39.988 [base.py:2702] : ROLLBACK
2025-04-08 23:36:39.990 [New_DB_Mointor.py:232] : [实例 41d3cf1e] 检查完成: 2025-04-08 23:36:39.990818, 耗时: 0.007082秒
2025-04-08 23:36:39.991 [New_DB_Mointor.py:257] : [实例 41d3cf1e] 循环 #155 执行耗时: 0.01秒, 将休眠: 19.99秒
2025-04-08 23:36:59.984 [New_DB_Mointor.py:264] : [实例 41d3cf1e] 循环 #155 结束: 2025-04-08 23:36:59, 总耗时: 20.00秒
2025-04-08 23:36:59.984 [New_DB_Mointor.py:245] : [实例 41d3cf1e] 循环 #156 开始: 2025-04-08 23:36:59
2025-04-08 23:36:59.984 [New_DB_Mointor.py:180] : [实例 41d3cf1e] 开始检查: 2025-04-08 23:36:59.984855
2025-04-08 23:36:59.986 [base.py:2699] : BEGIN (implicit)
2025-04-08 23:36:59.987 [base.py:1843] : SELECT count(user_ticket_monitors.monitor_ticket_id) AS count_1 
FROM user_ticket_monitors
2025-04-08 23:36:59.988 [base.py:1843] : [cached since 3100s ago] {}
2025-04-08 23:36:59.991 [base.py:2702] : ROLLBACK
2025-04-08 23:36:59.992 [New_DB_Mointor.py:232] : [实例 41d3cf1e] 检查完成: 2025-04-08 23:36:59.992268, 耗时: 0.007413秒
2025-04-08 23:36:59.992 [New_DB_Mointor.py:257] : [实例 41d3cf1e] 循环 #156 执行耗时: 0.01秒, 将休眠: 19.99秒
2025-04-08 23:37:19.985 [New_DB_Mointor.py:264] : [实例 41d3cf1e] 循环 #156 结束: 2025-04-08 23:37:19, 总耗时: 20.00秒
2025-04-08 23:37:19.985 [New_DB_Mointor.py:245] : [实例 41d3cf1e] 循环 #157 开始: 2025-04-08 23:37:19
2025-04-08 23:37:19.986 [New_DB_Mointor.py:180] : [实例 41d3cf1e] 开始检查: 2025-04-08 23:37:19.986017
2025-04-08 23:37:19.986 [base.py:2699] : BEGIN (implicit)
2025-04-08 23:37:19.987 [base.py:1843] : SELECT count(user_ticket_monitors.monitor_ticket_id) AS count_1 
FROM user_ticket_monitors
2025-04-08 23:37:19.989 [base.py:1843] : [cached since 3120s ago] {}
2025-04-08 23:37:19.992 [base.py:2702] : ROLLBACK
2025-04-08 23:37:19.993 [New_DB_Mointor.py:232] : [实例 41d3cf1e] 检查完成: 2025-04-08 23:37:19.993577, 耗时: 0.00756秒
2025-04-08 23:37:19.994 [New_DB_Mointor.py:257] : [实例 41d3cf1e] 循环 #157 执行耗时: 0.01秒, 将休眠: 19.99秒
2025-04-08 23:37:39.986 [New_DB_Mointor.py:264] : [实例 41d3cf1e] 循环 #157 结束: 2025-04-08 23:37:39, 总耗时: 20.00秒
2025-04-08 23:37:39.987 [New_DB_Mointor.py:245] : [实例 41d3cf1e] 循环 #158 开始: 2025-04-08 23:37:39
2025-04-08 23:37:39.987 [New_DB_Mointor.py:180] : [实例 41d3cf1e] 开始检查: 2025-04-08 23:37:39.987440
2025-04-08 23:37:39.990 [base.py:2699] : BEGIN (implicit)
2025-04-08 23:37:39.991 [base.py:1843] : SELECT count(user_ticket_monitors.monitor_ticket_id) AS count_1 
FROM user_ticket_monitors
2025-04-08 23:37:39.992 [base.py:1843] : [cached since 3140s ago] {}
2025-04-08 23:37:39.994 [base.py:2702] : ROLLBACK
2025-04-08 23:37:39.995 [New_DB_Mointor.py:232] : [实例 41d3cf1e] 检查完成: 2025-04-08 23:37:39.995892, 耗时: 0.008452秒
2025-04-08 23:37:39.996 [New_DB_Mointor.py:257] : [实例 41d3cf1e] 循环 #158 执行耗时: 0.01秒, 将休眠: 19.99秒
2025-04-08 23:37:59.988 [New_DB_Mointor.py:264] : [实例 41d3cf1e] 循环 #158 结束: 2025-04-08 23:37:59, 总耗时: 20.00秒
2025-04-08 23:37:59.988 [New_DB_Mointor.py:245] : [实例 41d3cf1e] 循环 #159 开始: 2025-04-08 23:37:59
2025-04-08 23:37:59.989 [New_DB_Mointor.py:180] : [实例 41d3cf1e] 开始检查: 2025-04-08 23:37:59.989399
2025-04-08 23:37:59.990 [base.py:2699] : BEGIN (implicit)
2025-04-08 23:37:59.991 [base.py:1843] : SELECT count(user_ticket_monitors.monitor_ticket_id) AS count_1 
FROM user_ticket_monitors
2025-04-08 23:37:59.992 [base.py:1843] : [cached since 3160s ago] {}
2025-04-08 23:37:59.993 [base.py:2702] : ROLLBACK
2025-04-08 23:37:59.994 [New_DB_Mointor.py:232] : [实例 41d3cf1e] 检查完成: 2025-04-08 23:37:59.994469, 耗时: 0.00507秒
2025-04-08 23:37:59.994 [New_DB_Mointor.py:257] : [实例 41d3cf1e] 循环 #159 执行耗时: 0.01秒, 将休眠: 19.99秒
2025-04-08 23:38:19.990 [New_DB_Mointor.py:264] : [实例 41d3cf1e] 循环 #159 结束: 2025-04-08 23:38:19, 总耗时: 20.00秒
2025-04-08 23:38:19.990 [New_DB_Mointor.py:245] : [实例 41d3cf1e] 循环 #160 开始: 2025-04-08 23:38:19
2025-04-08 23:38:19.990 [New_DB_Mointor.py:180] : [实例 41d3cf1e] 开始检查: 2025-04-08 23:38:19.990755
2025-04-08 23:38:19.992 [base.py:2699] : BEGIN (implicit)
2025-04-08 23:38:19.993 [base.py:1843] : SELECT count(user_ticket_monitors.monitor_ticket_id) AS count_1 
FROM user_ticket_monitors
2025-04-08 23:38:19.994 [base.py:1843] : [cached since 3180s ago] {}
2025-04-08 23:38:19.995 [base.py:2702] : ROLLBACK
2025-04-08 23:38:19.996 [New_DB_Mointor.py:232] : [实例 41d3cf1e] 检查完成: 2025-04-08 23:38:19.996584, 耗时: 0.005829秒
2025-04-08 23:38:19.997 [New_DB_Mointor.py:257] : [实例 41d3cf1e] 循环 #160 执行耗时: 0.01秒, 将休眠: 19.99秒
2025-04-08 23:38:39.991 [New_DB_Mointor.py:264] : [实例 41d3cf1e] 循环 #160 结束: 2025-04-08 23:38:39, 总耗时: 20.00秒
2025-04-08 23:38:39.991 [New_DB_Mointor.py:245] : [实例 41d3cf1e] 循环 #161 开始: 2025-04-08 23:38:39
2025-04-08 23:38:39.992 [New_DB_Mointor.py:180] : [实例 41d3cf1e] 开始检查: 2025-04-08 23:38:39.992425
2025-04-08 23:38:39.993 [base.py:2699] : BEGIN (implicit)
2025-04-08 23:38:39.994 [base.py:1843] : SELECT count(user_ticket_monitors.monitor_ticket_id) AS count_1 
FROM user_ticket_monitors
2025-04-08 23:38:39.995 [base.py:1843] : [cached since 3200s ago] {}
2025-04-08 23:38:39.996 [base.py:2702] : ROLLBACK
2025-04-08 23:38:39.997 [New_DB_Mointor.py:232] : [实例 41d3cf1e] 检查完成: 2025-04-08 23:38:39.997172, 耗时: 0.004747秒
2025-04-08 23:38:39.997 [New_DB_Mointor.py:257] : [实例 41d3cf1e] 循环 #161 执行耗时: 0.01秒, 将休眠: 19.99秒
2025-04-08 23:38:59.992 [New_DB_Mointor.py:264] : [实例 41d3cf1e] 循环 #161 结束: 2025-04-08 23:38:59, 总耗时: 20.00秒
2025-04-08 23:38:59.993 [New_DB_Mointor.py:245] : [实例 41d3cf1e] 循环 #162 开始: 2025-04-08 23:38:59
2025-04-08 23:38:59.993 [New_DB_Mointor.py:180] : [实例 41d3cf1e] 开始检查: 2025-04-08 23:38:59.993396
2025-04-08 23:38:59.994 [base.py:2699] : BEGIN (implicit)
2025-04-08 23:38:59.995 [base.py:1843] : SELECT count(user_ticket_monitors.monitor_ticket_id) AS count_1 
FROM user_ticket_monitors
2025-04-08 23:38:59.995 [base.py:1843] : [cached since 3220s ago] {}
2025-04-08 23:38:59.997 [base.py:2702] : ROLLBACK
2025-04-08 23:38:59.998 [New_DB_Mointor.py:232] : [实例 41d3cf1e] 检查完成: 2025-04-08 23:38:59.998192, 耗时: 0.004796秒
2025-04-08 23:38:59.998 [New_DB_Mointor.py:257] : [实例 41d3cf1e] 循环 #162 执行耗时: 0.01秒, 将休眠: 19.99秒
2025-04-08 23:39:19.993 [New_DB_Mointor.py:264] : [实例 41d3cf1e] 循环 #162 结束: 2025-04-08 23:39:19, 总耗时: 20.00秒
2025-04-08 23:39:19.994 [New_DB_Mointor.py:245] : [实例 41d3cf1e] 循环 #163 开始: 2025-04-08 23:39:19
2025-04-08 23:39:19.995 [New_DB_Mointor.py:180] : [实例 41d3cf1e] 开始检查: 2025-04-08 23:39:19.995369
2025-04-08 23:39:19.996 [base.py:2699] : BEGIN (implicit)
2025-04-08 23:39:19.997 [base.py:1843] : SELECT count(user_ticket_monitors.monitor_ticket_id) AS count_1 
FROM user_ticket_monitors
2025-04-08 23:39:19.998 [base.py:1843] : [cached since 3240s ago] {}
2025-04-08 23:39:19.999 [base.py:2702] : ROLLBACK
2025-04-08 23:39:20.001 [New_DB_Mointor.py:232] : [实例 41d3cf1e] 检查完成: 2025-04-08 23:39:20.001653, 耗时: 0.006284秒
2025-04-08 23:39:20.002 [New_DB_Mointor.py:257] : [实例 41d3cf1e] 循环 #163 执行耗时: 0.01秒, 将休眠: 19.99秒
2025-04-08 23:39:39.995 [New_DB_Mointor.py:264] : [实例 41d3cf1e] 循环 #163 结束: 2025-04-08 23:39:39, 总耗时: 20.00秒
2025-04-08 23:39:39.995 [New_DB_Mointor.py:245] : [实例 41d3cf1e] 循环 #164 开始: 2025-04-08 23:39:39
2025-04-08 23:39:39.996 [New_DB_Mointor.py:180] : [实例 41d3cf1e] 开始检查: 2025-04-08 23:39:39.996262
2025-04-08 23:39:39.997 [base.py:2699] : BEGIN (implicit)
2025-04-08 23:39:39.997 [base.py:1843] : SELECT count(user_ticket_monitors.monitor_ticket_id) AS count_1 
FROM user_ticket_monitors
2025-04-08 23:39:39.998 [base.py:1843] : [cached since 3260s ago] {}
2025-04-08 23:39:39.999 [base.py:2702] : ROLLBACK
2025-04-08 23:39:40.000 [New_DB_Mointor.py:232] : [实例 41d3cf1e] 检查完成: 2025-04-08 23:39:40.000753, 耗时: 0.004491秒
2025-04-08 23:39:40.001 [New_DB_Mointor.py:257] : [实例 41d3cf1e] 循环 #164 执行耗时: 0.01秒, 将休眠: 19.99秒
2025-04-08 23:39:59.996 [New_DB_Mointor.py:264] : [实例 41d3cf1e] 循环 #164 结束: 2025-04-08 23:39:59, 总耗时: 20.00秒
2025-04-08 23:39:59.997 [New_DB_Mointor.py:245] : [实例 41d3cf1e] 循环 #165 开始: 2025-04-08 23:39:59
2025-04-08 23:39:59.997 [New_DB_Mointor.py:180] : [实例 41d3cf1e] 开始检查: 2025-04-08 23:39:59.997789
2025-04-08 23:39:59.999 [base.py:2699] : BEGIN (implicit)
2025-04-08 23:40:00.000 [base.py:1843] : SELECT count(user_ticket_monitors.monitor_ticket_id) AS count_1 
FROM user_ticket_monitors
2025-04-08 23:40:00.001 [base.py:1843] : [cached since 3280s ago] {}
2025-04-08 23:40:00.004 [base.py:2702] : ROLLBACK
2025-04-08 23:40:00.005 [New_DB_Mointor.py:232] : [实例 41d3cf1e] 检查完成: 2025-04-08 23:40:00.005771, 耗时: 0.007982秒
2025-04-08 23:40:00.006 [New_DB_Mointor.py:257] : [实例 41d3cf1e] 循环 #165 执行耗时: 0.01秒, 将休眠: 19.99秒
2025-04-08 23:40:19.998 [New_DB_Mointor.py:264] : [实例 41d3cf1e] 循环 #165 结束: 2025-04-08 23:40:19, 总耗时: 20.00秒
2025-04-08 23:40:19.999 [New_DB_Mointor.py:245] : [实例 41d3cf1e] 循环 #166 开始: 2025-04-08 23:40:19
2025-04-08 23:40:19.999 [New_DB_Mointor.py:180] : [实例 41d3cf1e] 开始检查: 2025-04-08 23:40:19.999795
2025-04-08 23:40:20.005 [base.py:2699] : BEGIN (implicit)
2025-04-08 23:40:20.012 [base.py:1843] : SELECT count(user_ticket_monitors.monitor_ticket_id) AS count_1 
FROM user_ticket_monitors
2025-04-08 23:40:20.027 [base.py:1843] : [cached since 3300s ago] {}
2025-04-08 23:40:20.035 [base.py:2702] : ROLLBACK
2025-04-08 23:40:20.041 [New_DB_Mointor.py:232] : [实例 41d3cf1e] 检查完成: 2025-04-08 23:40:20.041250, 耗时: 0.041455秒
2025-04-08 23:40:20.041 [New_DB_Mointor.py:257] : [实例 41d3cf1e] 循环 #166 执行耗时: 0.04秒, 将休眠: 19.96秒
